# Blender 5.2.0 LTS
# www.blender.org
mtllib SecondFloor.mtl
o room-large
v 5.999999 -0.000001 -10.000000
v 8.828427 -0.000001 -8.828427
v 10.000000 -0.000000 -6.000000
v -10.000000 -0.000000 -6.000000
v -8.828427 -0.000001 -8.828427
v -6.000000 -0.000001 -10.000000
v -6.000000 0.000001 10.000000
v -8.828427 0.000001 8.828427
v -10.000000 0.000000 5.999999
v 10.000000 0.000000 6.000000
v 8.828427 0.000001 8.828427
v 6.000000 0.000001 10.000000
v 2.000000 0.000001 10.000000
v -10.000000 0.000000 6.000000
v -1.345028 0.000001 9.578229
v -1.375647 0.025001 9.560552
v -1.396792 0.000001 9.385044
v -1.414470 0.025001 9.415662
v -1.520536 0.025001 9.599374
v -1.559359 0.025001 9.454485
v -1.538214 0.000001 9.629992
v -1.589977 0.000001 9.436808
v 9.578229 0.000000 1.345028
v 9.560551 0.025000 1.375647
v 9.385044 0.000000 1.396792
v 9.415662 0.025000 1.414470
v 9.599374 0.025000 1.520536
v 9.454485 0.025000 1.559358
v 9.629992 0.000000 1.538213
v 9.436808 0.000000 1.589977
v -9.579228 -0.000000 -1.345028
v -9.561550 0.025000 -1.375647
v -9.386044 -0.000000 -1.396792
v -9.416661 0.025000 -1.414470
v -9.600373 0.025000 -1.520536
v -9.455484 0.025000 -1.559358
v -9.630992 -0.000000 -1.538213
v -9.437807 -0.000000 -1.589977
v 5.999999 0.899999 -10.000000
v 7.530734 0.899999 -9.695518
v 5.999999 0.899999 -9.399002
v 7.300741 0.899999 -9.140268
v 8.828427 0.899999 -8.828427
v 8.403458 0.899999 -8.403458
v 9.695518 0.899999 -7.530734
v 9.140269 0.899999 -7.300742
v 10.000000 0.899999 -6.000000
v 9.399003 0.899999 -6.000000
v 5.999999 0.199999 -9.399002
v 5.999999 0.199999 -10.000000
v 7.300741 0.199999 -9.140268
v 8.403458 0.199999 -8.403458
v 9.140269 0.199999 -7.300742
v 9.399003 0.200000 -6.000000
v 10.000000 0.200000 -6.000000
v 9.695518 0.199999 -7.530734
v 8.828427 0.199999 -8.828427
v 7.530734 0.199999 -9.695518
v -10.000000 0.899999 -6.000000
v -9.695518 0.899999 -7.530734
v -9.399002 0.899999 -6.000000
v -9.140268 0.899999 -7.300742
v -8.828427 0.899999 -8.828427
v -8.403458 0.899999 -8.403458
v -7.530734 0.899999 -9.695518
v -7.300742 0.899999 -9.140268
v -6.000000 0.899999 -10.000000
v -6.000000 0.899999 -9.399002
v -9.399002 0.200000 -6.000000
v -10.000000 0.200000 -6.000000
v -9.140268 0.199999 -7.300742
v -8.403458 0.199999 -8.403458
v -7.300742 0.199999 -9.140268
v -6.000000 0.199999 -9.399002
v -6.000000 0.199999 -10.000000
v -7.530734 0.199999 -9.695518
v -8.828427 0.199999 -8.828427
v -9.695518 0.199999 -7.530734
v -6.000000 0.900001 10.000000
v -7.530734 0.900001 9.695518
v -6.000000 0.900001 9.399003
v -7.300742 0.900001 9.140269
v -8.828427 0.900001 8.828427
v -8.403458 0.900001 8.403458
v -9.695518 0.900001 7.530734
v -9.140268 0.900001 7.300741
v -10.000000 0.900000 5.999999
v -9.399002 0.900000 5.999999
v -6.000000 0.200001 9.399003
v -6.000000 0.200001 10.000000
v -7.300742 0.200001 9.140269
v -8.403458 0.200001 8.403458
v -9.140268 0.200001 7.300741
v -9.399002 0.200000 5.999999
v -10.000000 0.200000 5.999999
v -9.695518 0.200001 7.530734
v -8.828427 0.200001 8.828427
v -7.530734 0.200001 9.695518
v 10.000000 0.900000 6.000000
v 9.695518 0.900001 7.530734
v 9.399002 0.900000 6.000000
v 9.140268 0.900001 7.300742
v 8.828427 0.900001 8.828427
v 8.403458 0.900001 8.403458
v 7.530734 0.900001 9.695518
v 7.300742 0.900001 9.140268
v 6.000000 0.900001 10.000000
v 6.000000 0.900001 9.399002
v 9.399002 0.200000 6.000000
v 10.000000 0.200000 6.000000
v 9.140268 0.200001 7.300742
v 8.403458 0.200001 8.403458
v 7.300742 0.200001 9.140268
v 6.000000 0.200001 9.399002
v 6.000000 0.200001 10.000000
v 7.530734 0.200001 9.695518
v 8.828427 0.200001 8.828427
v 9.695518 0.200001 7.530734
v 9.199002 0.200000 4.000000
v 9.199002 0.900000 4.000000
v 10.000000 0.900000 2.000000
v 9.399002 0.900000 2.000000
v 10.000000 0.200000 2.000000
v 9.399002 0.200000 2.000000
v -6.000000 0.200001 9.399002
v -4.000000 0.200001 9.199002
v -6.000000 0.900001 9.399002
v -4.000000 0.900001 9.199002
v -2.000000 0.900001 10.000000
v -2.000000 0.900001 9.399002
v -2.000000 0.200001 10.000000
v -2.000000 0.200001 9.399002
v 2.000000 0.900001 9.399002
v 2.000000 0.900001 10.000000
v 1.699501 0.900001 9.479521
v 1.399003 0.900001 10.000000
v 1.479521 0.900001 9.699500
v 2.000000 0.200001 9.399002
v 2.000000 0.200001 10.000000
v 1.399003 0.200001 10.000000
v 1.479521 0.200001 9.699500
v 1.699501 0.200001 9.479521
v 1.399002 0.899999 -10.000000
v 2.000000 0.899999 -10.000000
v 1.479521 0.899999 -9.699500
v 2.000000 0.899999 -9.399002
v 1.699501 0.899999 -9.479521
v 1.399002 0.199999 -10.000000
v 2.000000 0.199999 -10.000000
v 2.000000 0.199999 -9.399002
v 1.699501 0.199999 -9.479521
v 1.479521 0.199999 -9.699500
v 10.000000 0.900000 1.399002
v 9.699500 0.900000 1.479521
v 9.479521 0.900000 1.699501
v 10.000000 0.200000 1.399002
v 9.479521 0.200000 1.699501
v 9.699500 0.200000 1.479521
v -2.000000 0.899999 -9.399002
v -2.000000 0.899999 -10.000000
v -1.699501 0.899999 -9.479521
v -1.399003 0.899999 -10.000000
v -1.479521 0.899999 -9.699500
v -2.000000 0.199999 -9.399002
v -2.000000 0.199999 -10.000000
v -1.399003 0.199999 -10.000000
v -1.479521 0.199999 -9.699500
v -1.699501 0.199999 -9.479521
v -10.000000 0.900000 -1.399002
v -10.000000 0.900000 -2.000000
v -9.699500 0.900000 -1.479521
v -9.399002 0.900000 -2.000000
v -9.479521 0.900000 -1.699501
v -10.000000 0.200000 -1.399002
v -10.000000 0.200000 -2.000000
v -9.399002 0.200000 -2.000000
v -9.479521 0.200000 -1.699501
v -9.699500 0.200000 -1.479521
v 9.399002 0.900000 -2.000000
v 10.000000 0.900000 -2.000000
v 9.479521 0.900000 -1.699501
v 10.000000 0.900000 -1.399002
v 9.699500 0.900000 -1.479521
v 9.399002 0.200000 -2.000000
v 10.000000 0.200000 -2.000000
v 10.000000 0.200000 -1.399002
v 9.699500 0.200000 -1.479521
v 9.479521 0.200000 -1.699501
v 4.000000 0.200001 9.199002
v 4.000000 0.900001 9.199002
v 6.000000 0.199999 -9.399002
v 4.000000 0.199999 -9.199002
v 6.000000 0.899999 -9.399002
v 4.000000 0.899999 -9.199002
v 6.000000 0.899999 -10.000000
v 6.000000 0.199999 -10.000000
v -4.000000 0.199999 -9.199002
v -4.000000 0.899999 -9.199002
v -1.399002 0.900001 10.000000
v -2.000000 0.900001 10.000000
v -1.479521 0.900001 9.699500
v -2.000000 0.900001 9.399002
v -1.699501 0.900001 9.479521
v -1.399002 0.200001 10.000000
v -2.000000 0.200001 10.000000
v -2.000000 0.200001 9.399002
v -1.699501 0.200001 9.479521
v -1.479521 0.200001 9.699500
v -9.399002 0.900000 2.000000
v -10.000000 0.900000 2.000000
v -9.479521 0.900000 1.699501
v -10.000000 0.900000 1.399002
v -9.699500 0.900000 1.479520
v -9.399002 0.200000 2.000000
v -10.000000 0.200000 2.000000
v -10.000000 0.200000 1.399002
v -9.699500 0.200000 1.479521
v -9.479521 0.200000 1.699501
v 9.199002 0.200000 -4.000000
v 9.199002 0.900000 -4.000000
v 10.000000 0.900000 -2.000000
v 9.399002 0.899999 -6.000000
v 10.000000 0.200000 -2.000000
v 9.399002 0.200000 -6.000000
v -9.399002 0.200000 2.000000
v -9.199002 0.200000 4.000000
v -9.399002 0.900000 2.000000
v -9.199002 0.900000 4.000000
v -10.000000 0.900000 6.000000
v -9.399002 0.900000 6.000000
v -10.000000 0.200000 6.000000
v -9.399002 0.200000 6.000000
v -9.199002 0.200000 -4.000000
v -9.199002 0.900000 -4.000000
v 5.999999 0.899999 -9.600000
v 5.999999 4.049999 -9.600000
v 7.377660 0.899999 -9.325965
v 7.377660 4.049999 -9.325965
v 8.545585 0.899999 -8.545585
v 8.545585 4.049999 -8.545585
v 9.325967 0.899999 -7.377660
v 9.325967 4.049999 -7.377661
v 9.695518 4.049999 -7.530735
v 10.000000 4.049999 -6.000000
v 8.828427 4.049999 -8.828427
v 7.530734 4.049999 -9.695518
v 5.999999 4.049999 -10.000000
v 9.600000 0.899999 -6.000000
v 9.600000 4.049999 -6.000000
v 9.570050 0.899999 -6.299504
v 9.470050 0.899999 -6.299504
v 9.500000 0.899999 -6.000000
v 9.500000 4.099999 -6.000000
v 9.470050 4.099999 -6.299504
v 9.520299 4.150000 -6.299504
v 9.940050 4.150000 -6.299504
v 9.550250 4.150000 -6.000000
v 9.950001 4.150000 -6.000000
v 9.990049 4.049999 -6.299504
v 9.990049 4.099999 -6.299504
v 10.000000 4.099999 -6.000000
v 9.570050 4.049999 -6.299504
v 6.299504 0.899999 -9.570049
v 6.299504 0.899999 -9.470050
v 6.000000 0.899999 -9.599999
v 6.000000 0.899999 -9.500000
v 6.000000 4.099999 -9.500000
v 6.299504 4.099999 -9.470050
v 6.299504 4.149999 -9.520299
v 6.299503 4.149999 -9.940049
v 6.000000 4.149999 -9.550249
v 6.000000 4.149999 -9.950000
v 6.299503 4.049999 -9.990049
v 6.000000 4.049999 -10.000000
v 6.299503 4.099999 -9.990049
v 6.000000 4.099999 -10.000000
v 6.299504 4.049999 -9.570049
v 6.000000 4.049999 -9.599999
v 6.000000 -0.000001 -8.998005
v 7.530734 -0.000001 -9.695518
v 7.147286 -0.000001 -8.769795
v 9.695518 -0.000001 -7.530734
v 8.119909 -0.000001 -8.119909
v 8.769795 -0.000001 -7.147287
v 8.998005 -0.000000 -6.000000
v 6.000000 0.199999 -8.998005
v 7.147286 0.199999 -8.769795
v 8.119909 0.199999 -8.119909
v 8.769795 0.199999 -7.147287
v 8.998005 0.200000 -6.000000
v 7.539527 0.199999 -8.483707
v 7.539527 -0.000001 -8.483707
v 7.919159 0.199999 -8.992029
v 7.919159 -0.000001 -8.992029
v 8.298758 -0.000001 -7.526624
v 7.838694 -0.000001 -7.838694
v 8.298758 0.199999 -7.526624
v 7.838694 0.199999 -7.838694
v 7.526623 -0.000001 -8.298758
v 7.526623 0.199999 -8.298758
v 8.483707 -0.000001 -7.539527
v 8.483707 0.199999 -7.539527
v 8.992028 -0.000001 -7.919160
v 8.992028 0.199999 -7.919160
v 9.392242 2.509938 -7.044467
v 9.467433 2.509938 -6.666463
v 9.382488 2.559938 -7.093507
v 9.477186 2.559938 -6.617424
v 9.382488 2.759938 -7.093507
v 9.477186 2.759938 -6.617424
v 9.392242 2.809938 -7.044467
v 9.467433 2.809938 -6.666463
v 9.418393 2.809938 -6.656708
v 9.428148 2.759938 -6.607669
v 9.343204 2.509938 -7.034712
v 9.418393 2.509938 -6.656708
v 9.333448 2.759938 -7.083752
v 9.333448 2.559938 -7.083752
v 9.428148 2.559938 -6.607669
v 9.343204 2.809938 -7.034712
v 9.366065 3.227393 -7.176067
v 9.317026 3.227393 -7.166313
v 9.441256 3.227393 -6.798062
v 9.392217 3.227393 -6.788308
v 9.356312 3.477393 -7.225107
v 9.366065 3.527393 -7.176067
v 9.307272 3.477393 -7.215352
v 9.317026 3.527393 -7.166313
v 9.401971 3.277393 -6.739268
v 9.307272 3.277393 -7.215352
v 9.401971 3.477393 -6.739268
v 9.392217 3.527393 -6.788308
v 9.356312 3.277393 -7.225107
v 9.441256 3.527393 -6.798062
v 9.451011 3.277393 -6.749023
v 9.451011 3.477393 -6.749023
v 9.022588 2.109087 -7.831698
v 9.236710 2.109087 -7.511242
v 8.981014 2.109087 -7.803921
v 9.195136 2.109087 -7.483464
v 9.022588 1.809087 -7.831698
v 8.981014 1.809087 -7.803921
v 9.236710 1.809087 -7.511242
v 9.195136 1.809087 -7.483464
v 8.994809 1.859087 -7.873272
v 8.953236 1.859087 -7.845494
v 9.264488 1.859087 -7.469668
v 9.222915 1.859087 -7.441890
v 9.222915 2.059087 -7.441890
v 9.264488 2.059087 -7.469668
v 8.953236 2.059087 -7.845494
v 8.994809 2.059087 -7.873272
v 7.023746 1.859719 -9.396364
v 7.072785 1.809719 -9.386610
v 7.013991 1.859719 -9.347325
v 7.063030 1.809719 -9.337570
v 6.645741 1.859719 -9.471554
v 6.635986 1.859719 -9.422514
v 6.586947 1.609719 -9.432269
v 6.596702 1.609719 -9.481309
v 6.586947 1.809719 -9.432269
v 6.596702 1.809719 -9.481309
v 7.072785 1.609719 -9.386610
v 7.063030 1.609719 -9.337570
v 6.635986 1.559719 -9.422514
v 7.013991 1.559719 -9.347325
v 6.645741 1.559719 -9.471554
v 7.023746 1.559719 -9.396364
v -9.600000 0.899999 -6.000000
v -9.600000 4.049999 -6.000000
v -9.325965 0.899999 -7.377660
v -9.325965 4.049999 -7.377661
v -8.545585 0.899999 -8.545585
v -8.545585 4.049999 -8.545585
v -7.377660 0.899999 -9.325965
v -7.377660 4.049999 -9.325965
v -7.530734 4.049999 -9.695518
v -6.000000 4.049999 -10.000000
v -8.828427 4.049999 -8.828427
v -9.695518 4.049999 -7.530734
v -10.000000 4.049999 -6.000000
v -6.000000 0.899999 -9.600000
v -6.000000 4.049999 -9.600000
v -6.299504 0.899999 -9.570049
v -6.299504 0.899999 -9.470049
v -6.000000 0.899999 -9.599999
v -6.000000 0.899999 -9.500000
v -6.000000 4.099999 -9.500000
v -6.299504 4.099999 -9.470049
v -6.299504 4.149999 -9.520299
v -6.299504 4.149999 -9.940049
v -6.000000 4.149999 -9.550249
v -6.000000 4.149999 -9.950000
v -6.299504 4.049999 -9.990049
v -6.299504 4.099999 -9.990049
v -6.000000 4.099999 -10.000000
v -6.299504 4.049999 -9.570049
v -6.000000 4.049999 -9.599999
v -9.570049 0.899999 -6.299504
v -9.470049 0.899999 -6.299504
v -9.599999 0.899999 -6.000000
v -9.500000 0.899999 -6.000000
v -9.500000 4.099999 -6.000000
v -9.470049 4.099999 -6.299504
v -9.520299 4.150000 -6.299504
v -9.940049 4.150000 -6.299504
v -9.550249 4.150000 -6.000000
v -9.950000 4.150000 -6.000000
v -9.990049 4.049999 -6.299504
v -9.990049 4.099999 -6.299504
v -10.000000 4.099999 -6.000000
v -9.570049 4.049999 -6.299504
v -9.599999 4.049999 -6.000000
v -8.998005 -0.000000 -6.000000
v -9.695518 -0.000001 -7.530734
v -8.769795 -0.000001 -7.147287
v -7.530734 -0.000001 -9.695518
v -8.119909 -0.000001 -8.119909
v -7.147287 -0.000001 -8.769795
v -6.000000 -0.000001 -8.998005
v -8.998005 0.200000 -6.000000
v -8.769795 0.199999 -7.147287
v -8.119909 0.199999 -8.119909
v -7.147287 0.199999 -8.769795
v -6.000000 0.199999 -8.998005
v -8.483707 0.199999 -7.539527
v -8.483707 -0.000001 -7.539527
v -8.992028 0.199999 -7.919159
v -8.992028 -0.000001 -7.919159
v -7.526623 -0.000001 -8.298758
v -7.838694 -0.000001 -7.838694
v -7.526623 0.199999 -8.298758
v -7.838694 0.199999 -7.838694
v -8.298758 -0.000001 -7.526623
v -8.298758 0.199999 -7.526623
v -7.539527 -0.000001 -8.483707
v -7.539527 0.199999 -8.483707
v -7.919160 -0.000001 -8.992028
v -7.919160 0.199999 -8.992028
v -7.044467 2.509938 -9.392242
v -6.666463 2.509938 -9.467432
v -7.093507 2.559938 -9.382488
v -6.617424 2.559938 -9.477186
v -7.093507 2.759938 -9.382488
v -6.617424 2.759938 -9.477186
v -7.044467 2.809938 -9.392242
v -6.666463 2.809938 -9.467432
v -6.656708 2.809938 -9.418393
v -6.607669 2.759938 -9.428147
v -7.034712 2.509938 -9.343204
v -6.656708 2.509938 -9.418393
v -7.083752 2.759938 -9.333448
v -7.083752 2.559938 -9.333448
v -6.607669 2.559938 -9.428147
v -7.034712 2.809938 -9.343204
v -7.176067 3.227393 -9.366065
v -7.166313 3.227393 -9.317026
v -6.798062 3.227393 -9.441256
v -6.788308 3.227393 -9.392216
v -7.225106 3.477393 -9.356311
v -7.176067 3.527392 -9.366065
v -7.215352 3.477393 -9.307272
v -7.166313 3.527392 -9.317026
v -6.739269 3.277392 -9.401971
v -7.215352 3.277392 -9.307272
v -6.739269 3.477393 -9.401971
v -6.788308 3.527392 -9.392216
v -7.225106 3.277392 -9.356311
v -6.798062 3.527392 -9.441256
v -6.749023 3.277392 -9.451010
v -6.749023 3.477393 -9.451010
v -7.831698 2.109087 -9.022588
v -7.511242 2.109087 -9.236710
v -7.803921 2.109087 -8.981014
v -7.483464 2.109087 -9.195136
v -7.831698 1.809087 -9.022588
v -7.803921 1.809087 -8.981014
v -7.511242 1.809087 -9.236710
v -7.483464 1.809087 -9.195136
v -7.873272 1.859087 -8.994809
v -7.845494 1.859087 -8.953236
v -7.469668 1.859087 -9.264488
v -7.441890 1.859087 -9.222915
v -7.441890 2.059087 -9.222915
v -7.469668 2.059087 -9.264488
v -7.845494 2.059087 -8.953236
v -7.873272 2.059087 -8.994809
v -9.396364 1.859719 -7.023746
v -9.386610 1.809719 -7.072785
v -9.347325 1.859719 -7.013991
v -9.337570 1.809719 -7.063031
v -9.471554 1.859719 -6.645741
v -9.422514 1.859719 -6.635987
v -9.432269 1.609719 -6.586947
v -9.481309 1.609719 -6.596702
v -9.432269 1.809719 -6.586947
v -9.481309 1.809719 -6.596702
v -9.386610 1.609719 -7.072785
v -9.337570 1.609719 -7.063031
v -9.422514 1.559719 -6.635987
v -9.347325 1.559719 -7.013991
v -9.471554 1.559719 -6.645741
v -9.396364 1.559719 -7.023746
v -6.000000 0.900001 9.600000
v -6.000000 4.050001 9.600000
v -7.377660 0.900001 9.325967
v -7.377660 4.050000 9.325967
v -8.545585 0.900001 8.545585
v -8.545585 4.050000 8.545585
v -9.325965 0.900001 7.377660
v -9.325965 4.050000 7.377660
v -9.695518 4.050000 7.530733
v -10.000000 4.050000 5.999999
v -8.828427 4.050000 8.828427
v -7.530734 4.050001 9.695518
v -6.000000 4.050001 10.000000
v -9.600000 0.900000 5.999999
v -9.600000 4.050000 5.999999
v -9.570049 0.900000 6.299503
v -9.470049 0.900000 6.299504
v -9.599999 0.900000 6.000000
v -9.500000 0.900000 6.000000
v -9.500000 4.100000 6.000000
v -9.470049 4.100000 6.299503
v -9.520299 4.150001 6.299503
v -9.940049 4.150001 6.299502
v -9.550249 4.150001 6.000000
v -9.950000 4.150001 6.000000
v -9.990049 4.050000 6.299502
v -10.000000 4.050000 6.000000
v -9.990049 4.100000 6.299502
v -10.000000 4.100000 6.000000
v -9.570049 4.050000 6.299502
v -9.599999 4.050000 6.000000
v -6.299504 0.900001 9.570050
v -6.299504 0.900001 9.470050
v -6.000000 0.900001 9.500000
v -6.000000 4.100001 9.500000
v -6.299504 4.100000 9.470050
v -6.299504 4.150001 9.520299
v -6.299504 4.150001 9.940050
v -6.000000 4.150001 9.550250
v -6.000000 4.150001 9.950001
v -6.299504 4.050001 9.990049
v -6.299504 4.100001 9.990049
v -6.000000 4.100001 10.000000
v -6.299504 4.050001 9.570050
v -6.000000 0.000001 8.998005
v -7.530734 0.000001 9.695518
v -7.147287 0.000001 8.769795
v -9.695518 0.000001 7.530734
v -8.119909 0.000001 8.119909
v -8.769795 0.000001 7.147286
v -8.998005 0.000000 6.000000
v -6.000000 0.200001 8.998005
v -7.147287 0.200001 8.769795
v -8.119909 0.200001 8.119909
v -8.769795 0.200001 7.147286
v -8.998005 0.200000 6.000000
v -7.539527 0.200001 8.483707
v -7.539527 0.000001 8.483707
v -7.919160 0.200001 8.992028
v -7.919160 0.000001 8.992028
v -8.298758 0.000001 7.526623
v -7.838694 0.000001 7.838694
v -8.298758 0.200001 7.526623
v -7.838694 0.200001 7.838694
v -7.526624 0.000001 8.298758
v -7.526624 0.200001 8.298758
v -8.483707 0.000001 7.539527
v -8.483707 0.200001 7.539527
v -8.992029 0.000001 7.919159
v -8.992029 0.200001 7.919159
v -9.392242 2.509939 7.044467
v -9.467432 2.509939 6.666463
v -9.382488 2.559939 7.093507
v -9.477186 2.559939 6.617424
v -9.382488 2.759939 7.093507
v -9.477186 2.759939 6.617424
v -9.392242 2.809939 7.044467
v -9.467432 2.809939 6.666463
v -9.418393 2.809939 6.656708
v -9.428147 2.759939 6.607669
v -9.343204 2.509939 7.034712
v -9.418393 2.509939 6.656708
v -9.333448 2.759939 7.083752
v -9.333448 2.559939 7.083752
v -9.428147 2.559939 6.607669
v -9.343204 2.809939 7.034712
v -9.366065 3.227394 7.176066
v -9.317026 3.227394 7.166312
v -9.441256 3.227394 6.798061
v -9.392216 3.227394 6.788307
v -9.356311 3.477394 7.225106
v -9.366065 3.527394 7.176066
v -9.307272 3.477394 7.215351
v -9.317026 3.527394 7.166312
v -9.401971 3.277394 6.739267
v -9.307272 3.277394 7.215351
v -9.401971 3.477394 6.739267
v -9.392216 3.527394 6.788307
v -9.356311 3.277394 7.225106
v -9.441256 3.527394 6.798061
v -9.451010 3.277394 6.749022
v -9.451010 3.477394 6.749022
v -9.022588 2.109088 7.831698
v -9.236710 2.109088 7.511242
v -8.981014 2.109088 7.803921
v -9.195136 2.109088 7.483464
v -9.022588 1.809088 7.831698
v -8.981014 1.809088 7.803921
v -9.236710 1.809088 7.511242
v -9.195136 1.809088 7.483464
v -8.994809 1.859088 7.873272
v -8.953236 1.859088 7.845494
v -9.264488 1.859088 7.469668
v -9.222915 1.859088 7.441890
v -9.222915 2.059088 7.441890
v -9.264488 2.059088 7.469668
v -8.953236 2.059088 7.845494
v -8.994809 2.059088 7.873272
v -7.023746 1.859720 9.396364
v -7.072785 1.809720 9.386610
v -7.013991 1.859720 9.347325
v -7.063031 1.809720 9.337570
v -6.645741 1.859720 9.471555
v -6.635987 1.859720 9.422514
v -6.586947 1.609720 9.432270
v -6.596702 1.609720 9.481309
v -6.586947 1.809720 9.432270
v -6.596702 1.809720 9.481309
v -7.072785 1.609720 9.386610
v -7.063031 1.609720 9.337570
v -6.635987 1.559720 9.422514
v -7.013991 1.559720 9.347325
v -6.645741 1.559720 9.471555
v -7.023746 1.559720 9.396364
v 9.600000 0.900000 6.000000
v 9.600000 4.050000 6.000000
v 9.325965 0.900001 7.377660
v 9.325965 4.050000 7.377660
v 8.545585 0.900001 8.545585
v 8.545585 4.050000 8.545585
v 7.377660 0.900001 9.325965
v 7.377660 4.050000 9.325965
v 7.530734 4.050001 9.695518
v 6.000000 4.050001 10.000000
v 8.828427 4.050000 8.828427
v 9.695518 4.050000 7.530733
v 10.000000 4.050000 6.000000
v 6.000000 0.900001 9.600000
v 6.000000 4.050001 9.600000
v 6.299504 0.900001 9.570049
v 6.299504 0.900001 9.470050
v 6.000000 0.900001 9.600000
v 6.000000 0.900001 9.500000
v 6.000000 4.100001 9.500000
v 6.299504 4.100000 9.470050
v 6.299504 4.150001 9.520299
v 6.299504 4.150001 9.940050
v 6.000000 4.150001 9.550249
v 6.000000 4.150001 9.950000
v 6.299504 4.050001 9.990049
v 6.000000 4.050001 10.000000
v 6.299504 4.100001 9.990049
v 6.000000 4.100001 10.000000
v 6.299504 4.050001 9.570049
v 6.000000 4.050001 9.600000
v 9.570049 0.900000 6.299504
v 9.470050 0.900000 6.299504
v 9.600000 0.900000 6.000000
v 9.500000 0.900000 6.000000
v 9.500000 4.100000 6.000000
v 9.470050 4.100000 6.299504
v 9.520299 4.150001 6.299504
v 9.940050 4.150001 6.299504
v 9.550249 4.150001 6.000000
v 9.950000 4.150001 6.000000
v 9.990049 4.050000 6.299504
v 10.000000 4.050000 6.000000
v 9.990049 4.100000 6.299504
v 10.000000 4.100000 6.000000
v 9.570049 4.050000 6.299504
v 9.600000 4.050000 6.000000
v 8.998005 0.000000 6.000000
v 9.695518 0.000001 7.530734
v 8.769795 0.000001 7.147287
v 7.530734 0.000001 9.695518
v 8.119909 0.000001 8.119909
v 7.147287 0.000001 8.769795
v 6.000000 0.000001 8.998005
v 8.998005 0.200000 6.000000
v 8.769795 0.200001 7.147287
v 8.119909 0.200001 8.119909
v 7.147287 0.200001 8.769795
v 6.000000 0.200001 8.998005
v 8.483707 0.200001 7.539527
v 8.483707 0.000001 7.539527
v 8.992028 0.200001 7.919159
v 8.992028 0.000001 7.919159
v 7.526623 0.000001 8.298758
v 7.838694 0.000001 7.838694
v 7.526623 0.200001 8.298758
v 7.838694 0.200001 7.838694
v 8.298758 0.000001 7.526623
v 8.298758 0.200001 7.526623
v 7.539527 0.000001 8.483707
v 7.539527 0.200001 8.483707
v 7.919160 0.000001 8.992028
v 7.919160 0.200001 8.992028
v 7.044467 2.509939 9.392242
v 6.666463 2.509939 9.467432
v 7.093507 2.559939 9.382488
v 6.617424 2.559939 9.477186
v 7.093507 2.759939 9.382488
v 6.617424 2.759939 9.477186
v 7.044467 2.809939 9.392242
v 6.666463 2.809939 9.467432
v 6.656708 2.809939 9.418393
v 6.607669 2.759939 9.428147
v 7.034712 2.509939 9.343204
v 6.656708 2.509939 9.418393
v 7.083752 2.759939 9.333448
v 7.083752 2.559939 9.333448
v 6.607669 2.559939 9.428147
v 7.034712 2.809939 9.343204
v 7.176067 3.227394 9.366065
v 7.166312 3.227394 9.317026
v 6.798062 3.227394 9.441256
v 6.788307 3.227394 9.392216
v 7.225106 3.477394 9.356311
v 7.176067 3.527394 9.366065
v 7.215352 3.477394 9.307272
v 7.166312 3.527394 9.317026
v 6.739268 3.277394 9.401971
v 7.215352 3.277394 9.307272
v 6.739268 3.477394 9.401971
v 6.788307 3.527394 9.392216
v 7.225106 3.277394 9.356311
v 6.798062 3.527394 9.441256
v 6.749022 3.277394 9.451010
v 6.749022 3.477394 9.451010
v 7.831698 2.109088 9.022588
v 7.511242 2.109088 9.236710
v 7.803921 2.109088 8.981014
v 7.483464 2.109088 9.195136
v 7.831698 1.809088 9.022588
v 7.803921 1.809088 8.981014
v 7.511242 1.809088 9.236710
v 7.483464 1.809088 9.195136
v 7.873272 1.859088 8.994809
v 7.845494 1.859088 8.953236
v 7.469668 1.859088 9.264488
v 7.441890 1.859088 9.222915
v 7.441890 2.059088 9.222915
v 7.469668 2.059088 9.264488
v 7.845494 2.059088 8.953236
v 7.873272 2.059088 8.994809
v 9.396364 1.859720 7.023746
v 9.386610 1.809720 7.072785
v 9.347325 1.859720 7.013991
v 9.337570 1.809720 7.063031
v 9.471554 1.859720 6.645741
v 9.422514 1.859720 6.635987
v 9.432269 1.609720 6.586947
v 9.481309 1.609720 6.596702
v 9.432269 1.809720 6.586947
v 9.481309 1.809720 6.596702
v 9.386610 1.609720 7.072785
v 9.337570 1.609720 7.063031
v 9.422514 1.559720 6.635987
v 9.347325 1.559720 7.013991
v 9.471554 1.559720 6.645741
v 9.396364 1.559720 7.023746
v 9.570050 0.900000 5.700496
v 9.470050 0.900000 5.700496
v 9.500000 0.900000 6.000000
v 9.500000 4.100000 6.000000
v 9.470050 4.100000 5.700496
v 9.520299 4.150001 5.700496
v 9.940050 4.150001 5.700496
v 9.550250 4.150001 6.000000
v 9.950001 4.150001 6.000000
v 9.990049 4.050000 5.700496
v 9.990049 4.100000 5.700496
v 10.000000 4.100000 6.000000
v 9.570050 4.050000 5.700496
v 9.570049 0.900000 2.299504
v 9.470050 0.900000 2.299504
v 9.599999 0.900000 2.000000
v 9.500000 0.900000 2.000000
v 9.500000 4.100000 2.000000
v 9.470050 4.100000 2.299504
v 9.520299 4.150000 2.299504
v 9.940049 4.150000 2.299503
v 9.550249 4.150000 2.000000
v 9.950000 4.150000 1.999999
v 9.990049 4.050000 2.299503
v 10.000000 4.050000 1.999999
v 9.990049 4.100000 2.299503
v 10.000000 4.100000 1.999999
v 9.570049 4.050000 2.299503
v 9.599999 4.050000 1.999999
v 8.998005 0.200000 2.000000
v 8.998005 0.000000 2.000000
v 10.000000 0.000000 2.000000
v 8.798005 0.000000 4.000000
v 8.798005 0.200000 4.000000
v 9.599997 0.900000 5.999998
v 9.399996 0.900000 3.999998
v 9.599997 4.050000 5.999998
v 9.399996 4.050000 3.999998
v 9.599996 4.050000 1.999997
v 9.599996 0.900000 1.999998
v 9.999996 4.050000 1.999997
v 9.999996 0.900000 1.999998
v 9.999996 0.900000 5.999998
v 9.999996 4.050000 5.999998
v 9.421497 1.256209 3.185258
v 9.375078 1.256209 3.706815
v 9.481717 1.256209 3.192024
v 9.435298 1.256209 3.713581
v 9.421497 1.664209 3.185258
v 9.481717 1.664209 3.192024
v 9.375078 1.664209 3.706815
v 9.435298 1.664209 3.713581
v 9.427519 1.596209 3.117595
v 9.427519 1.324209 3.117595
v 9.487739 1.596209 3.124362
v 9.487739 1.324209 3.124362
v 9.369056 1.324209 3.774477
v 9.369056 1.596209 3.774477
v 9.429276 1.324209 3.781244
v 9.429276 1.596209 3.781243
v 9.493979 2.103709 2.557668
v 9.455630 2.103709 2.941165
v 9.543732 2.103709 2.562643
v 9.505382 2.103709 2.946141
v 9.493979 2.403709 2.557668
v 9.543732 2.403709 2.562643
v 9.455630 2.403709 2.941165
v 9.505382 2.403709 2.946141
v 9.498955 2.353709 2.507916
v 9.548707 2.353709 2.512891
v 9.498955 2.153709 2.507916
v 9.548707 2.153709 2.512891
v 9.450655 2.153709 2.990917
v 9.450655 2.353709 2.990917
v 9.500407 2.153709 2.995892
v 9.500407 2.353709 2.995892
v 9.482015 3.439552 4.820179
v 9.520364 3.439552 5.203677
v 9.432262 3.439552 4.825154
v 9.470613 3.439552 5.208651
v 9.482015 3.139552 4.820179
v 9.432262 3.139552 4.825154
v 9.520364 3.139552 5.203677
v 9.470613 3.139552 5.208652
v 9.477039 3.389552 4.770427
v 9.427287 3.389552 4.775402
v 9.525339 3.389552 5.253428
v 9.475588 3.389552 5.258403
v 9.427287 3.189552 4.775402
v 9.477039 3.189552 4.770427
v 9.525339 3.189552 5.253428
v 9.475588 3.189552 5.258403
v -6.000000 0.900001 9.599999
v -4.000000 0.900001 9.400000
v -6.000000 4.050001 9.599999
v -4.000000 4.050000 9.400000
v -2.000000 4.050001 9.599999
v -2.000000 0.900001 9.599999
v -2.000000 4.050001 10.000000
v -2.299504 0.900001 9.570049
v -2.299504 0.900001 9.470049
v -2.000000 0.900001 9.500000
v -2.000000 4.100001 9.500000
v -2.299504 4.100000 9.470049
v -2.299504 4.150001 9.520299
v -2.299504 4.150001 9.940049
v -2.000000 4.150001 9.550249
v -2.000000 4.150001 9.950000
v -2.299504 4.050001 9.990049
v -2.299504 4.100001 9.990049
v -2.000000 4.100001 10.000000
v -2.299504 4.050001 9.570049
v -5.700495 0.900001 9.570049
v -5.700495 0.900001 9.470049
v -5.999999 0.900001 9.599999
v -5.999999 0.900001 9.500000
v -5.999999 4.100001 9.500000
v -5.700495 4.100000 9.470049
v -5.700495 4.150001 9.520299
v -5.700495 4.150001 9.940049
v -5.999999 4.150001 9.550249
v -5.999999 4.150001 9.950000
v -5.700495 4.050001 9.990049
v -5.999999 4.050001 10.000000
v -5.700495 4.100001 9.990049
v -5.999999 4.100001 10.000000
v -5.700495 4.050001 9.570049
v -5.999999 4.050001 9.599999
v -4.000000 0.000001 8.548005
v -3.454019 0.000001 8.639002
v -4.000000 0.200001 8.548005
v -3.454019 0.200001 8.639002
v -3.332364 0.200001 8.760657
v -3.332364 0.000001 8.760657
v -3.241367 0.200001 9.306638
v -3.241367 0.000001 9.306638
v -4.545981 0.000001 8.639002
v -4.545981 0.200001 8.639002
v -4.758633 0.200001 9.306638
v -4.667636 0.200001 8.760657
v -4.667636 0.000001 8.760657
v -4.758633 0.000001 9.306638
v -2.000000 0.200001 8.998005
v -2.000000 0.000001 8.998005
v -2.000000 0.000001 10.000000
v -6.000000 0.000001 8.998005
v -4.000000 0.000001 8.798005
v -4.000000 0.200001 8.798005
v -6.000000 0.000001 10.000000
v -4.973284 2.952368 9.497328
v -4.978259 2.952368 9.447577
v -5.023036 2.902368 9.502304
v -5.028011 2.902368 9.452552
v -4.973284 3.152368 9.497328
v -5.023036 3.202368 9.502304
v -4.978259 3.152368 9.447577
v -5.028011 3.202368 9.452552
v -5.411509 2.902368 9.490902
v -5.461260 2.952368 9.495876
v -5.461260 3.152368 9.495876
v -5.411509 3.202368 9.490902
v -5.406533 3.202368 9.540653
v -5.406533 2.902368 9.540653
v -5.456285 2.952368 9.545629
v -5.456285 3.152368 9.545629
v -5.029472 2.391597 9.502948
v -5.034448 2.391597 9.453196
v -5.079225 2.441597 9.507922
v -5.084199 2.441597 9.458171
v -4.645975 2.391597 9.464598
v -4.596223 2.441597 9.459622
v -4.596223 2.641597 9.459622
v -5.079225 2.641597 9.507922
v -4.645975 2.691597 9.464598
v -5.029472 2.691597 9.502948
v -4.650950 2.391597 9.414845
v -4.601198 2.441597 9.409870
v -4.650950 2.691597 9.414845
v -5.034448 2.691597 9.453196
v -4.601198 2.641597 9.409870
v -5.084199 2.641597 9.458171
v -2.528814 1.463199 9.496869
v -2.578566 1.413199 9.491894
v -2.533789 1.463199 9.546621
v -2.583541 1.413199 9.541646
v -3.011815 1.463199 9.448569
v -3.011815 1.663199 9.448569
v -3.016790 1.463199 9.498322
v -3.016790 1.663199 9.498322
v -2.962064 1.713199 9.453545
v -2.967038 1.713199 9.503296
v -2.962064 1.413199 9.453545
v -2.528814 1.663199 9.496869
v -2.578566 1.713199 9.491894
v -2.967038 1.413199 9.503296
v -2.533789 1.663199 9.546621
v -2.583541 1.713199 9.541646
v 2.000000 4.050001 9.600000
v 2.000000 0.900001 9.600000
v 2.000000 4.050001 10.000000
v 1.600000 0.900001 10.000000
v 1.600000 4.050001 10.000000
v 1.800000 0.900001 9.653590
v 1.800000 4.050001 9.653590
v 1.653590 0.900001 9.800000
v 1.653590 4.050001 9.800000
v 2.000000 0.000001 10.000000
v 0.998005 0.000001 10.000000
v 0.998005 0.200001 10.000000
v 2.000000 0.200001 8.998005
v 2.000000 0.000001 8.998005
v 1.499002 0.200001 9.132247
v 1.132247 0.200001 9.499002
v 1.499002 0.000001 9.132247
v 1.132247 0.000001 9.499002
v 1.600000 4.049999 -10.000000
v 1.600000 0.899999 -10.000000
v 2.000000 4.049999 -10.000000
v 2.000000 0.899999 -9.599999
v 2.000000 4.049999 -9.599999
v 1.653590 0.899999 -9.799999
v 1.653590 4.049999 -9.799999
v 1.800000 0.899999 -9.653589
v 1.800000 4.049999 -9.653589
v 2.000000 -0.000001 -10.000000
v 2.000000 -0.000001 -8.998005
v 2.000000 0.199999 -8.998005
v 0.998005 0.199999 -10.000000
v 0.998005 -0.000001 -10.000000
v 1.132247 0.199999 -9.499002
v 1.499002 0.199999 -9.132247
v 1.132247 -0.000001 -9.499002
v 1.499002 -0.000001 -9.132247
v 10.000000 4.050000 1.600000
v 10.000000 0.900000 1.600000
v 10.000000 4.050000 2.000000
v 10.000000 0.900000 2.000000
v 9.600000 0.900000 2.000000
v 9.600000 4.050000 2.000000
v 9.800000 0.900000 1.653590
v 9.800000 4.050000 1.653589
v 9.653590 0.900000 1.800000
v 9.653590 4.050000 1.800000
v 10.000000 0.000000 2.000000
v 8.998005 0.000000 2.000000
v 10.000000 0.200000 2.000000
v 8.998005 0.200000 2.000000
v 10.000000 0.200000 0.998005
v 10.000000 0.000000 0.998005
v 9.499002 0.200000 1.132247
v 9.132247 0.200000 1.499002
v 9.499002 0.000000 1.132247
v 9.132247 0.000000 1.499002
v -2.000000 4.049999 -9.600000
v -2.000000 0.899999 -9.600000
v -2.000000 4.049999 -10.000000
v -1.600000 0.899999 -10.000000
v -1.600000 4.049999 -10.000000
v -1.800000 0.899999 -9.653590
v -1.800000 4.049999 -9.653590
v -1.653590 0.899999 -9.800000
v -1.653590 4.049999 -9.800000
v -2.000000 -0.000001 -10.000000
v -0.998005 -0.000001 -10.000000
v -0.998005 0.199999 -10.000000
v -2.000000 0.199999 -8.998005
v -2.000000 -0.000001 -8.998005
v -1.499002 0.199999 -9.132247
v -1.132247 0.199999 -9.499002
v -1.499002 -0.000001 -9.132247
v -1.132247 -0.000001 -9.499002
v -10.000000 4.050000 -1.600001
v -10.000000 0.900000 -1.600000
v -10.000000 4.050000 -2.000000
v -10.000000 0.900000 -2.000000
v -9.600000 0.900000 -2.000000
v -9.600000 4.050000 -2.000000
v -9.800000 0.900000 -1.653590
v -9.800000 4.050000 -1.653590
v -9.653590 0.900000 -1.800000
v -9.653590 4.050000 -1.800000
v -10.000000 -0.000000 -2.000000
v -8.998005 -0.000000 -2.000000
v -10.000000 0.200000 -2.000000
v -8.998005 0.200000 -2.000000
v -10.000000 0.200000 -0.998005
v -10.000000 -0.000000 -0.998005
v -9.499002 0.200000 -1.132247
v -9.132247 0.200000 -1.499002
v -9.499002 -0.000000 -1.132247
v -9.132247 -0.000000 -1.499002
v 9.600000 4.050000 -2.000000
v 9.600000 0.900000 -2.000000
v 10.000000 4.050000 -2.000000
v 10.000000 0.900000 -1.600000
v 10.000000 4.050000 -1.600000
v 9.653590 0.900000 -1.800000
v 9.653590 4.050000 -1.800000
v 9.800000 0.900000 -1.653590
v 9.800000 4.050000 -1.653590
v 10.000000 -0.000000 -2.000000
v 10.000000 -0.000000 -0.998005
v 10.000000 0.200000 -2.000000
v 10.000000 0.200000 -0.998005
v 8.998005 0.200000 -2.000000
v 8.998005 -0.000000 -2.000000
v 9.132247 0.200000 -1.499002
v 9.499002 0.200000 -1.132247
v 9.132247 -0.000000 -1.499002
v 9.499002 -0.000000 -1.132247
v 2.000000 0.900001 9.599999
v 4.000000 0.900001 9.400000
v 2.000000 4.050001 9.599999
v 4.000000 4.050000 9.400000
v 6.000000 4.050001 9.599999
v 6.000000 0.900001 9.599999
v 5.700496 0.900001 9.570049
v 5.700496 0.900001 9.470049
v 6.000000 0.900001 9.500000
v 6.000000 4.100001 9.500000
v 5.700496 4.100000 9.470049
v 5.700496 4.150001 9.520299
v 5.700496 4.150001 9.940049
v 6.000000 4.150001 9.550249
v 6.000000 4.150001 9.950000
v 5.700496 4.050001 9.990049
v 5.700496 4.100001 9.990049
v 6.000000 4.100001 10.000000
v 5.700496 4.050001 9.570049
v 2.299504 0.900001 9.570049
v 2.299504 0.900001 9.470049
v 2.000000 0.900001 9.599999
v 2.000000 0.900001 9.500000
v 2.000000 4.100001 9.500000
v 2.299504 4.100000 9.470049
v 2.299504 4.150001 9.520299
v 2.299504 4.150001 9.940049
v 2.000000 4.150001 9.550249
v 2.000000 4.150001 9.950000
v 2.299504 4.050001 9.990049
v 2.000000 4.050001 10.000000
v 2.299504 4.100001 9.990049
v 2.000000 4.100001 10.000000
v 2.299504 4.050001 9.570049
v 2.000000 4.050001 9.599999
v 4.000000 0.000001 8.548005
v 4.545981 0.000001 8.639002
v 4.000000 0.200001 8.548005
v 4.545981 0.200001 8.639002
v 4.667636 0.200001 8.760657
v 4.667636 0.000001 8.760657
v 4.758633 0.200001 9.306638
v 4.758633 0.000001 9.306638
v 3.454019 0.000001 8.639002
v 3.454019 0.200001 8.639002
v 3.241367 0.200001 9.306638
v 3.332364 0.200001 8.760657
v 3.332364 0.000001 8.760657
v 3.241367 0.000001 9.306638
v 2.000000 0.000001 8.998005
v 4.000000 0.000001 8.798005
v 4.000000 0.200001 8.798005
v 3.026716 2.952368 9.497328
v 3.021741 2.952368 9.447577
v 2.976964 2.902368 9.502304
v 2.971989 2.902368 9.452552
v 3.026716 3.152368 9.497328
v 2.976964 3.202368 9.502304
v 3.021741 3.152368 9.447577
v 2.971989 3.202368 9.452552
v 2.588491 2.902368 9.490902
v 2.538740 2.952368 9.495876
v 2.538740 3.152368 9.495876
v 2.588491 3.202368 9.490902
v 2.593467 3.202368 9.540653
v 2.593467 2.902368 9.540653
v 2.543715 2.952368 9.545629
v 2.543715 3.152368 9.545629
v 2.970527 2.391597 9.502948
v 2.965552 2.391597 9.453196
v 2.920776 2.441597 9.507922
v 2.915800 2.441597 9.458171
v 3.354025 2.391597 9.464598
v 3.403776 2.441597 9.459622
v 3.403776 2.641597 9.459622
v 2.920776 2.641597 9.507922
v 3.354025 2.691597 9.464598
v 2.970527 2.691597 9.502948
v 3.349050 2.391597 9.414845
v 3.398802 2.441597 9.409870
v 3.349050 2.691597 9.414845
v 2.965552 2.691597 9.453196
v 3.398802 2.641597 9.409870
v 2.915800 2.641597 9.458171
v 5.471186 1.463199 9.496869
v 5.421433 1.413199 9.491894
v 5.466210 1.463199 9.546621
v 5.416459 1.413199 9.541646
v 4.988184 1.463199 9.448569
v 4.988184 1.663199 9.448569
v 4.983210 1.463199 9.498322
v 4.983210 1.663199 9.498322
v 5.037936 1.713199 9.453545
v 5.032961 1.713199 9.503296
v 5.037936 1.413199 9.453545
v 5.471186 1.663199 9.496869
v 5.421433 1.713199 9.491894
v 5.032961 1.413199 9.503296
v 5.466210 1.663199 9.546621
v 5.416459 1.713199 9.541646
v 4.000000 0.899999 -9.400000
v 4.000000 4.049999 -9.400000
v 2.299504 0.899999 -9.570049
v 2.299504 0.899999 -9.470049
v 2.000000 0.899999 -9.599999
v 2.000000 0.899999 -9.500000
v 2.000000 4.099999 -9.500000
v 2.299504 4.099999 -9.470049
v 2.299504 4.149999 -9.520299
v 2.299504 4.149999 -9.940049
v 2.000000 4.149999 -9.550249
v 2.000000 4.149999 -9.950000
v 2.299504 4.049999 -9.990049
v 2.000000 4.049999 -10.000000
v 2.299504 4.099999 -9.990049
v 2.000000 4.099999 -10.000000
v 2.299504 4.049999 -9.570049
v 2.000000 4.049999 -9.599999
v 5.700496 0.899999 -9.570049
v 5.700496 0.899999 -9.470049
v 5.700496 4.099999 -9.470049
v 5.700496 4.149999 -9.520299
v 5.700496 4.149999 -9.940049
v 5.700496 4.049999 -9.990049
v 5.700496 4.099999 -9.990049
v 5.700496 4.049999 -9.570049
v 4.000000 -0.000001 -8.548005
v 3.454019 -0.000001 -8.639002
v 4.000000 0.199999 -8.548005
v 3.454019 0.199999 -8.639002
v 3.332364 0.199999 -8.760657
v 3.332364 -0.000001 -8.760657
v 3.241367 0.199999 -9.306638
v 3.241367 -0.000001 -9.306638
v 4.545981 -0.000001 -8.639002
v 4.545981 0.199999 -8.639002
v 4.758633 0.199999 -9.306638
v 4.667636 0.199999 -8.760657
v 4.667636 -0.000001 -8.760657
v 4.758633 -0.000001 -9.306638
v 2.000000 -0.000001 -8.998005
v 2.000000 -0.000001 -10.000000
v 6.000000 -0.000001 -8.998005
v 4.000000 -0.000001 -8.798005
v 4.000000 0.199999 -8.798005
v 6.000000 -0.000001 -10.000000
v 4.973284 2.952366 -9.497328
v 4.978259 2.952366 -9.447577
v 5.023036 2.902366 -9.502304
v 5.028011 2.902366 -9.452552
v 4.973284 3.152366 -9.497328
v 5.023036 3.202366 -9.502304
v 4.978259 3.152366 -9.447577
v 5.028011 3.202366 -9.452552
v 5.411509 2.902366 -9.490902
v 5.461260 2.952366 -9.495876
v 5.461260 3.152366 -9.495876
v 5.411509 3.202366 -9.490902
v 5.406533 3.202366 -9.540653
v 5.406533 2.902366 -9.540653
v 5.456285 2.952366 -9.545629
v 5.456285 3.152366 -9.545629
v 5.029473 2.391596 -9.502948
v 5.034448 2.391596 -9.453196
v 5.079225 2.441596 -9.507922
v 5.084200 2.441596 -9.458171
v 4.645975 2.391596 -9.464598
v 4.596223 2.441596 -9.459622
v 4.596223 2.641596 -9.459622
v 5.079225 2.641596 -9.507922
v 4.645975 2.691596 -9.464598
v 5.029473 2.691596 -9.502948
v 4.650950 2.391596 -9.414845
v 4.601199 2.441596 -9.409870
v 4.650950 2.691596 -9.414845
v 5.034448 2.691596 -9.453196
v 4.601199 2.641596 -9.409870
v 5.084200 2.641596 -9.458171
v 2.528814 1.463197 -9.496869
v 2.578566 1.413198 -9.491894
v 2.533789 1.463197 -9.546621
v 2.583541 1.413198 -9.541646
v 3.011815 1.463197 -9.448569
v 3.011815 1.663198 -9.448569
v 3.016790 1.463197 -9.498322
v 3.016790 1.663198 -9.498322
v 2.962064 1.713197 -9.453545
v 2.967038 1.713197 -9.503296
v 2.962064 1.413198 -9.453545
v 2.528814 1.663198 -9.496869
v 2.578566 1.713197 -9.491894
v 2.967038 1.413198 -9.503296
v 2.533789 1.663198 -9.546621
v 2.583541 1.713197 -9.541646
v -2.000000 0.899999 -9.599999
v -4.000000 0.899999 -9.400000
v -2.000000 4.049999 -9.599999
v -4.000000 4.049999 -9.400000
v -5.700495 0.899999 -9.570049
v -5.700495 0.899999 -9.470049
v -5.999999 0.899999 -9.599999
v -5.999999 0.899999 -9.500000
v -5.999999 4.099999 -9.500000
v -5.700495 4.099999 -9.470049
v -5.700495 4.149999 -9.520299
v -5.700495 4.149999 -9.940049
v -5.999999 4.149999 -9.550249
v -5.999999 4.149999 -9.950000
v -5.700495 4.049999 -9.990049
v -5.999999 4.049999 -10.000000
v -5.700495 4.099999 -9.990049
v -5.999999 4.099999 -10.000000
v -5.700495 4.049999 -9.570049
v -5.999999 4.049999 -9.599999
v -2.299504 0.899999 -9.570049
v -2.299504 0.899999 -9.470049
v -2.000000 0.899999 -9.500000
v -2.000000 4.099999 -9.500000
v -2.299504 4.099999 -9.470049
v -2.299504 4.149999 -9.520299
v -2.299504 4.149999 -9.940049
v -2.000000 4.149999 -9.550249
v -2.000000 4.149999 -9.950000
v -2.299504 4.049999 -9.990049
v -2.299504 4.099999 -9.990049
v -2.000000 4.099999 -10.000000
v -2.299504 4.049999 -9.570049
v -4.000000 -0.000001 -8.548005
v -4.545981 -0.000001 -8.639002
v -4.000000 0.199999 -8.548005
v -4.545981 0.199999 -8.639002
v -4.667636 0.199999 -8.760657
v -4.667636 -0.000001 -8.760657
v -4.758633 0.199999 -9.306638
v -4.758633 -0.000001 -9.306638
v -3.454019 -0.000001 -8.639002
v -3.454019 0.199999 -8.639002
v -3.241367 0.199999 -9.306638
v -3.332364 0.199999 -8.760657
v -3.332364 -0.000001 -8.760657
v -3.241367 -0.000001 -9.306638
v -6.000000 -0.000001 -8.998005
v -6.000000 -0.000001 -10.000000
v -2.000000 -0.000001 -8.998005
v -4.000000 -0.000001 -8.798005
v -4.000000 0.199999 -8.798005
v -2.000000 -0.000001 -10.000000
v -3.026716 2.952366 -9.497328
v -3.021741 2.952366 -9.447577
v -2.976964 2.902366 -9.502304
v -2.971989 2.902366 -9.452552
v -3.026716 3.152366 -9.497328
v -2.976964 3.202366 -9.502304
v -3.021741 3.152366 -9.447577
v -2.971989 3.202366 -9.452552
v -2.588491 2.902366 -9.490902
v -2.538740 2.952366 -9.495876
v -2.538740 3.152366 -9.495876
v -2.588491 3.202366 -9.490902
v -2.593467 3.202366 -9.540653
v -2.593467 2.902366 -9.540653
v -2.543715 2.952366 -9.545629
v -2.543715 3.152366 -9.545629
v -2.970527 2.391596 -9.502948
v -2.965552 2.391596 -9.453196
v -2.920775 2.441596 -9.507922
v -2.915800 2.441596 -9.458171
v -3.354025 2.391596 -9.464598
v -3.403776 2.441596 -9.459622
v -3.403776 2.641596 -9.459622
v -2.920775 2.641596 -9.507922
v -3.354025 2.691596 -9.464598
v -2.970527 2.691596 -9.502948
v -3.349050 2.391596 -9.414845
v -3.398801 2.441596 -9.409870
v -3.349050 2.691596 -9.414845
v -2.965552 2.691596 -9.453196
v -3.398801 2.641596 -9.409870
v -2.915800 2.641596 -9.458171
v -5.471186 1.463197 -9.496869
v -5.421433 1.413198 -9.491894
v -5.466210 1.463197 -9.546621
v -5.416459 1.413198 -9.541646
v -4.988184 1.463197 -9.448569
v -4.988184 1.663198 -9.448569
v -4.983210 1.463197 -9.498322
v -4.983210 1.663198 -9.498322
v -5.037936 1.713197 -9.453545
v -5.032961 1.713197 -9.503296
v -5.037936 1.413198 -9.453545
v -5.471186 1.663198 -9.496869
v -5.421433 1.713197 -9.491894
v -5.032961 1.413198 -9.503296
v -5.466210 1.663198 -9.546621
v -5.416459 1.713197 -9.541646
v -1.600000 4.050001 10.000000
v -1.600000 0.900001 10.000000
v -2.000000 0.900001 9.600000
v -2.000000 4.050001 9.600000
v -1.653590 0.900001 9.800000
v -1.653590 4.050001 9.800000
v -1.800000 0.900001 9.653590
v -1.800000 4.050001 9.653590
v -2.000000 0.000001 10.000000
v -2.000000 0.000001 8.998005
v -0.998005 0.200001 10.000000
v -0.998005 0.000001 10.000000
v -1.132247 0.200001 9.499002
v -1.499002 0.200001 9.132247
v -1.132247 0.000001 9.499002
v -1.499002 0.000001 9.132247
v -9.600000 4.050000 2.000000
v -9.600000 0.900000 2.000000
v -10.000000 4.050000 2.000000
v -10.000000 0.900000 2.000000
v -10.000000 0.900000 1.600000
v -10.000000 4.050000 1.600000
v -9.653590 0.900000 1.800000
v -9.653590 4.050000 1.800000
v -9.800000 0.900000 1.653590
v -9.800000 4.050000 1.653589
v -10.000000 0.000000 2.000000
v -10.000000 0.000000 0.998005
v -10.000000 0.200000 2.000000
v -10.000000 0.200000 0.998005
v -8.998005 0.200000 2.000000
v -8.998005 0.000000 2.000000
v -9.132247 0.200000 1.499002
v -9.499002 0.200000 1.132247
v -9.132247 0.000000 1.499002
v -9.499002 0.000000 1.132247
v 9.570050 0.900000 -2.299504
v 9.470050 0.900000 -2.299504
v 9.600000 0.900000 -2.000000
v 9.500000 0.900000 -2.000000
v 9.500000 4.100000 -2.000000
v 9.470050 4.100000 -2.299504
v 9.520299 4.150000 -2.299504
v 9.940050 4.150000 -2.299504
v 9.550250 4.150000 -2.000000
v 9.950001 4.150000 -2.000000
v 9.990049 4.050000 -2.299504
v 10.000000 4.050000 -2.000000
v 9.990049 4.100000 -2.299504
v 10.000000 4.100000 -2.000000
v 9.570050 4.050000 -2.299504
v 9.600000 4.050000 -2.000000
v 9.570049 0.900000 -5.700497
v 9.470050 0.900000 -5.700496
v 9.599999 0.899999 -6.000000
v 9.470050 4.099999 -5.700497
v 9.520299 4.150000 -5.700497
v 9.940049 4.150000 -5.700497
v 9.550249 4.150000 -6.000000
v 9.950000 4.150000 -6.000000
v 9.990049 4.049999 -5.700497
v 9.990049 4.099999 -5.700497
v 9.570049 4.049999 -5.700497
v 9.599999 4.049999 -6.000000
v 8.998005 -0.000000 -2.000000
v 8.798005 -0.000000 -4.000000
v 8.998005 0.200000 -2.000000
v 8.798005 0.200000 -4.000000
v 10.000000 -0.000000 -2.000000
v 9.599997 0.900000 -2.000000
v 9.399996 0.900000 -4.000000
v 9.599997 4.050000 -2.000000
v 9.399996 4.049999 -4.000001
v 9.599996 4.049999 -6.000001
v 9.599996 0.899999 -6.000001
v 9.999996 4.049999 -6.000001
v 9.999996 0.899999 -6.000001
v 9.999996 0.900000 -2.000000
v 9.999996 4.050000 -2.000000
v 9.421497 1.256208 -4.814741
v 9.375078 1.256208 -4.293184
v 9.481717 1.256208 -4.807974
v 9.435298 1.256208 -4.286417
v 9.421497 1.664208 -4.814741
v 9.481717 1.664208 -4.807974
v 9.375078 1.664208 -4.293184
v 9.435298 1.664208 -4.286417
v 9.427519 1.596208 -4.882403
v 9.427519 1.324208 -4.882403
v 9.487739 1.596208 -4.875637
v 9.487739 1.324208 -4.875637
v 9.369056 1.324208 -4.225522
v 9.369056 1.596208 -4.225522
v 9.429276 1.324208 -4.218755
v 9.429276 1.596208 -4.218755
v 9.493979 2.103709 -5.442331
v 9.455630 2.103709 -5.058833
v 9.543732 2.103709 -5.437355
v 9.505382 2.103709 -5.053858
v 9.493979 2.403708 -5.442331
v 9.543732 2.403708 -5.437355
v 9.455630 2.403708 -5.058833
v 9.505382 2.403708 -5.053858
v 9.498955 2.353709 -5.492083
v 9.548707 2.353709 -5.487107
v 9.498955 2.153708 -5.492083
v 9.548707 2.153708 -5.487107
v 9.450655 2.153708 -5.009081
v 9.450655 2.353709 -5.009081
v 9.500407 2.153708 -5.004107
v 9.500407 2.353709 -5.004107
v 9.482015 3.439551 -3.179820
v 9.520364 3.439551 -2.796322
v 9.432262 3.439551 -3.174845
v 9.470613 3.439551 -2.791347
v 9.482015 3.139551 -3.179820
v 9.432262 3.139551 -3.174845
v 9.520364 3.139551 -2.796322
v 9.470613 3.139551 -2.791347
v 9.477039 3.389551 -3.229572
v 9.427287 3.389551 -3.224597
v 9.525339 3.389551 -2.746570
v 9.475588 3.389551 -2.741595
v 9.427287 3.189551 -3.224597
v 9.477039 3.189551 -3.229572
v 9.525339 3.189551 -2.746570
v 9.475588 3.189551 -2.741595
v -9.570049 0.900000 2.299504
v -9.470050 0.900000 2.299504
v -9.599999 0.900000 2.000000
v -9.500000 0.900000 2.000000
v -9.500000 4.100000 2.000000
v -9.470050 4.100000 2.299504
v -9.520299 4.150000 2.299504
v -9.940049 4.150000 2.299503
v -9.550249 4.150000 2.000000
v -9.950000 4.150000 1.999999
v -9.990049 4.050000 2.299503
v -10.000000 4.050000 1.999999
v -9.990049 4.100000 2.299503
v -10.000000 4.100000 1.999999
v -9.570049 4.050000 2.299503
v -9.599999 4.050000 1.999999
v -9.570050 0.900000 5.700496
v -9.470050 0.900000 5.700496
v -9.600000 0.900000 6.000000
v -9.470050 4.100000 5.700496
v -9.520299 4.150001 5.700496
v -9.940050 4.150001 5.700496
v -9.550250 4.150001 6.000000
v -9.950001 4.150001 6.000000
v -9.990049 4.050000 5.700496
v -9.990049 4.100000 5.700496
v -9.570050 4.050000 5.700496
v -9.600000 4.050000 6.000000
v -8.998005 0.000000 2.000000
v -8.798005 0.000000 4.000000
v -8.998005 0.200000 2.000000
v -8.798005 0.200000 4.000000
v -10.000000 0.000000 2.000000
v -9.599998 0.900000 1.999998
v -9.399998 0.900000 3.999998
v -9.599998 4.050000 1.999997
v -9.399998 4.050000 3.999998
v -9.599998 4.050000 5.999998
v -9.599998 0.900000 5.999998
v -9.999998 4.050000 5.999998
v -9.999998 0.900000 5.999998
v -9.999998 0.900000 1.999998
v -9.999998 4.050000 1.999997
v -9.421499 1.256209 4.814738
v -9.375080 1.256209 4.293181
v -9.481718 1.256209 4.807971
v -9.435300 1.256209 4.286415
v -9.421499 1.664209 4.814738
v -9.481718 1.664209 4.807971
v -9.375080 1.664209 4.293181
v -9.435300 1.664209 4.286415
v -9.427521 1.596209 4.882401
v -9.427521 1.324209 4.882401
v -9.487741 1.596209 4.875634
v -9.487741 1.324209 4.875634
v -9.369059 1.324209 4.225519
v -9.369059 1.596209 4.225519
v -9.429278 1.324209 4.218753
v -9.429278 1.596209 4.218753
v -9.493982 2.103709 5.442328
v -9.455632 2.103709 5.058830
v -9.543734 2.103709 5.437353
v -9.505383 2.103709 5.053855
v -9.493982 2.403709 5.442328
v -9.543734 2.403709 5.437353
v -9.455632 2.403709 5.058830
v -9.505383 2.403709 5.053855
v -9.498957 2.353709 5.492079
v -9.548709 2.353709 5.487104
v -9.498957 2.153709 5.492079
v -9.548709 2.153709 5.487104
v -9.450657 2.153709 5.009078
v -9.450657 2.353709 5.009078
v -9.500409 2.153709 5.004104
v -9.500409 2.353709 5.004104
v -9.482016 3.439552 3.179817
v -9.520366 3.439552 2.796320
v -9.432264 3.439552 3.174842
v -9.470613 3.439552 2.791345
v -9.482016 3.139552 3.179817
v -9.432264 3.139552 3.174842
v -9.520366 3.139552 2.796320
v -9.470613 3.139552 2.791345
v -9.477040 3.389552 3.229569
v -9.427289 3.389552 3.224594
v -9.525341 3.389552 2.746568
v -9.475589 3.389552 2.741593
v -9.427289 3.189552 3.224594
v -9.477040 3.189552 3.229569
v -9.525341 3.189552 2.746568
v -9.475589 3.189552 2.741593
v -9.570049 0.900000 -5.700497
v -9.470050 0.900000 -5.700496
v -9.470050 4.099999 -5.700497
v -9.520299 4.150000 -5.700497
v -9.940049 4.150000 -5.700497
v -9.990049 4.049999 -5.700497
v -9.990049 4.099999 -5.700497
v -9.570049 4.049999 -5.700497
v -9.570050 0.900000 -2.299504
v -9.470050 0.900000 -2.299504
v -9.600000 0.900000 -2.000000
v -9.500000 0.900000 -2.000000
v -9.500000 4.100000 -2.000000
v -9.470050 4.100000 -2.299504
v -9.520299 4.150000 -2.299504
v -9.940050 4.150000 -2.299504
v -9.550250 4.150000 -2.000000
v -9.950001 4.150000 -2.000000
v -9.990049 4.050000 -2.299504
v -10.000000 4.050000 -2.000000
v -9.990049 4.100000 -2.299504
v -10.000000 4.100000 -2.000000
v -9.570050 4.050000 -2.299504
v -9.600000 4.050000 -2.000000
v -8.998005 0.200000 -2.000000
v -8.998005 -0.000000 -2.000000
v -10.000000 -0.000000 -2.000000
v -8.798005 -0.000000 -4.000000
v -8.798005 0.200000 -4.000000
v -9.599998 0.899999 -6.000001
v -9.399998 0.900000 -4.000000
v -9.599998 4.049999 -6.000001
v -9.399998 4.049999 -4.000001
v -9.599998 4.050000 -2.000000
v -9.599998 0.900000 -2.000000
v -9.999998 4.050000 -2.000000
v -9.999998 0.900000 -2.000000
v -9.999998 0.899999 -6.000001
v -9.999998 4.049999 -6.000001
v -9.421499 1.256208 -3.185260
v -9.375080 1.256208 -3.706817
v -9.481718 1.256208 -3.192027
v -9.435300 1.256208 -3.713583
v -9.421499 1.664208 -3.185261
v -9.481718 1.664208 -3.192027
v -9.375080 1.664208 -3.706817
v -9.435300 1.664208 -3.713583
v -9.427521 1.596208 -3.117598
v -9.427521 1.324208 -3.117598
v -9.487741 1.596208 -3.124364
v -9.487741 1.324208 -3.124364
v -9.369059 1.324208 -3.774480
v -9.369059 1.596208 -3.774480
v -9.429278 1.324208 -3.781246
v -9.429278 1.596208 -3.781246
v -9.493982 2.103709 -2.557670
v -9.455632 2.103709 -2.941168
v -9.543734 2.103709 -2.562646
v -9.505383 2.103709 -2.946143
v -9.493982 2.403709 -2.557670
v -9.543734 2.403709 -2.562646
v -9.455632 2.403709 -2.941168
v -9.505383 2.403709 -2.946143
v -9.498957 2.353709 -2.507919
v -9.548709 2.353709 -2.512893
v -9.498957 2.153709 -2.507919
v -9.548709 2.153709 -2.512893
v -9.450657 2.153709 -2.990920
v -9.450657 2.353709 -2.990920
v -9.500409 2.153709 -2.995895
v -9.500409 2.353709 -2.995895
v -9.482016 3.439551 -4.820182
v -9.520366 3.439551 -5.203680
v -9.432264 3.439551 -4.825157
v -9.470613 3.439551 -5.208654
v -9.482016 3.139551 -4.820181
v -9.432264 3.139551 -4.825156
v -9.520366 3.139551 -5.203679
v -9.470613 3.139551 -5.208654
v -9.477040 3.389551 -4.770430
v -9.427289 3.389551 -4.775405
v -9.525341 3.389551 -5.253431
v -9.475589 3.389551 -5.258406
v -9.427289 3.189551 -4.775405
v -9.477040 3.189551 -4.770430
v -9.525341 3.189551 -5.253431
v -9.475589 3.189551 -5.258406
v 8.090400 3.857285 -8.840658
v 7.822450 3.857285 -8.465528
v 8.465528 3.857285 -9.108607
v 8.090400 3.857285 -8.090400
v 8.840658 3.857285 -8.840658
v 8.465528 3.857285 -7.822451
v 9.108607 3.857285 -8.465529
v 8.840658 3.857285 -8.090400
v 8.090400 4.233285 -8.840658
v 8.465528 4.233285 -9.108607
v 7.822450 4.233285 -8.465528
v 8.090400 4.233285 -8.090400
v 8.840658 4.233285 -8.840658
v 8.465528 4.233285 -7.822451
v 9.108607 4.233285 -8.465529
v 8.840658 4.233285 -8.090400
v 8.120410 0.575999 -8.810648
v 8.465528 0.575999 -9.057161
v 7.873896 0.575999 -8.465528
v 8.120410 0.575999 -8.120410
v 8.810647 0.575999 -8.810648
v 9.057161 0.575999 -8.465529
v 8.465528 0.575999 -7.873897
v 8.810648 0.575999 -8.120410
v 7.873896 0.199999 -8.465528
v 8.120410 0.199999 -8.810648
v 8.120410 0.199999 -8.120410
v 8.465528 0.199999 -7.873897
v 8.810648 0.199999 -8.120410
v 9.057161 0.199999 -8.465529
v 8.810647 0.199999 -8.810648
v 8.465528 0.199999 -9.057161
v 8.232891 0.575999 -8.232891
v 8.066721 0.575999 -8.465528
v 8.174731 3.857285 -8.174731
v 7.967018 3.857285 -8.465528
v 8.756327 3.857285 -8.174731
v 8.964039 3.857285 -8.465529
v 8.698167 0.575999 -8.232891
v 8.864337 0.575999 -8.465529
v 8.465528 0.575999 -8.066721
v 8.465528 3.857285 -7.967019
v 8.232890 0.575999 -8.698167
v 8.465528 0.575999 -8.864337
v 8.174731 3.857285 -8.756327
v 8.465528 3.857285 -8.964039
v 8.698167 0.575999 -8.698167
v 8.756327 3.857285 -8.756327
v -8.840658 3.857285 -8.090400
v -8.465528 3.857285 -7.822450
v -9.108607 3.857285 -8.465528
v -8.090400 3.857285 -8.090400
v -8.840658 3.857285 -8.840657
v -7.822450 3.857285 -8.465528
v -8.465528 3.857285 -9.108606
v -8.090400 3.857285 -8.840657
v -8.840658 4.233285 -8.090400
v -9.108607 4.233285 -8.465528
v -8.465528 4.233285 -7.822450
v -8.090400 4.233285 -8.090400
v -8.840658 4.233285 -8.840657
v -7.822450 4.233285 -8.465528
v -8.465528 4.233285 -9.108606
v -8.090400 4.233285 -8.840657
v -8.810647 0.575999 -8.120410
v -9.057160 0.575999 -8.465528
v -8.465528 0.575999 -7.873896
v -8.120410 0.575999 -8.120410
v -8.810647 0.575999 -8.810647
v -8.465528 0.575999 -9.057160
v -7.873896 0.575999 -8.465528
v -8.120410 0.575999 -8.810647
v -8.465528 0.199999 -7.873896
v -8.810647 0.199999 -8.120410
v -8.120410 0.199999 -8.120410
v -7.873896 0.199999 -8.465528
v -8.120410 0.199999 -8.810647
v -8.465528 0.199999 -9.057160
v -8.810647 0.199999 -8.810647
v -9.057160 0.199999 -8.465528
v -8.232891 0.575999 -8.232890
v -8.465528 0.575999 -8.066720
v -8.174731 3.857285 -8.174731
v -8.465528 3.857285 -7.967018
v -8.174731 3.857285 -8.756326
v -8.465528 3.857285 -8.964039
v -8.232891 0.575999 -8.698167
v -8.465528 0.575999 -8.864337
v -8.066721 0.575999 -8.465528
v -7.967018 3.857285 -8.465528
v -8.698167 0.575999 -8.232890
v -8.864337 0.575999 -8.465528
v -8.756327 3.857285 -8.174731
v -8.964039 3.857285 -8.465528
v -8.698167 0.575999 -8.698167
v -8.756327 3.857285 -8.756326
v -8.090400 3.857286 8.840657
v -7.822450 3.857286 8.465528
v -8.465528 3.857286 9.108606
v -8.090400 3.857286 8.090400
v -8.840658 3.857286 8.840657
v -8.465528 3.857286 7.822449
v -9.108607 3.857286 8.465528
v -8.840658 3.857286 8.090400
v -8.090400 4.233286 8.840657
v -8.465528 4.233286 9.108606
v -7.822450 4.233286 8.465528
v -8.090400 4.233286 8.090400
v -8.840658 4.233286 8.840657
v -8.465528 4.233286 7.822449
v -9.108607 4.233286 8.465528
v -8.840658 4.233286 8.090400
v -8.120410 0.576001 8.810647
v -8.465528 0.576001 9.057160
v -7.873896 0.576001 8.465528
v -8.120410 0.576001 8.120410
v -8.810648 0.576001 8.810647
v -9.057161 0.576001 8.465528
v -8.465528 0.576001 7.873896
v -8.810647 0.576001 8.120410
v -7.873896 0.200001 8.465528
v -8.120410 0.200001 8.810647
v -8.120410 0.200001 8.120410
v -8.465528 0.200001 7.873896
v -8.810647 0.200001 8.120410
v -9.057161 0.200001 8.465528
v -8.810648 0.200001 8.810647
v -8.465528 0.200001 9.057160
v -8.232891 0.576001 8.232890
v -8.066721 0.576001 8.465528
v -8.174731 3.857287 8.174731
v -7.967018 3.857287 8.465528
v -8.756327 3.857287 8.174731
v -8.964039 3.857287 8.465528
v -8.698167 0.576001 8.232890
v -8.864337 0.576001 8.465528
v -8.465528 0.576001 8.066720
v -8.465528 3.857287 7.967017
v -8.232891 0.576001 8.698167
v -8.465528 0.576001 8.864337
v -8.174731 3.857287 8.756326
v -8.465528 3.857287 8.964039
v -8.698167 0.576001 8.698167
v -8.756327 3.857287 8.756326
v 8.840658 3.857286 8.090400
v 8.465528 3.857286 7.822449
v 9.108607 3.857286 8.465528
v 8.090400 3.857286 8.090400
v 8.840658 3.857286 8.840657
v 7.822450 3.857286 8.465528
v 8.465528 3.857286 9.108606
v 8.090400 3.857286 8.840657
v 8.840658 4.233286 8.090400
v 9.108607 4.233286 8.465528
v 8.465528 4.233286 7.822449
v 8.090400 4.233286 8.090400
v 8.840658 4.233286 8.840657
v 7.822450 4.233286 8.465528
v 8.465528 4.233286 9.108606
v 8.090400 4.233286 8.840657
v 8.810647 0.576001 8.120410
v 9.057160 0.576001 8.465528
v 8.465528 0.576001 7.873896
v 8.120410 0.576001 8.120410
v 8.810647 0.576001 8.810647
v 8.465528 0.576001 9.057160
v 7.873896 0.576001 8.465528
v 8.120410 0.576001 8.810647
v 8.465528 0.200001 7.873896
v 8.810647 0.200001 8.120410
v 8.120410 0.200001 8.120410
v 7.873896 0.200001 8.465528
v 8.120410 0.200001 8.810647
v 8.465528 0.200001 9.057160
v 8.810647 0.200001 8.810647
v 9.057160 0.200001 8.465528
v 8.232891 0.576001 8.232890
v 8.465528 0.576001 8.066720
v 8.174731 3.857287 8.174731
v 8.465528 3.857287 7.967017
v 8.174731 3.857287 8.756326
v 8.465528 3.857287 8.964039
v 8.232891 0.576001 8.698167
v 8.465528 0.576001 8.864337
v 8.066721 0.576001 8.465528
v 7.967018 3.857287 8.465528
v 8.698167 0.576001 8.232890
v 8.864337 0.576001 8.465528
v 8.756327 3.857287 8.174731
v 8.964039 3.857287 8.465528
v 8.698167 0.576001 8.698167
v 8.756327 3.857287 8.756326
v -4.000000 0.200001 9.937452
v -4.445050 0.200001 9.863277
v -4.000000 0.600001 9.937452
v -4.445050 0.600001 9.863277
v -4.445050 0.200001 8.973177
v -4.000000 0.200001 8.899002
v -4.445050 0.600001 8.973177
v -4.000000 0.600001 8.899002
v -3.554950 0.200001 9.863277
v -3.554950 0.600001 9.863277
v -3.480775 0.600001 9.418226
v -3.480775 0.200001 9.418226
v -3.554950 0.600001 8.973177
v -4.519225 0.600001 9.418226
v -4.519225 0.200001 9.418226
v -3.554950 0.200001 8.973177
v -3.516250 4.233286 8.934477
v -3.516250 3.833287 8.934477
v -3.435625 4.233286 9.418226
v -3.435625 3.833287 9.418226
v -4.000000 3.833287 9.982602
v -4.483750 3.833287 9.901978
v -4.000000 4.233287 9.982602
v -4.483750 4.233287 9.901978
v -3.516250 3.833287 9.901978
v -3.516250 4.233287 9.901978
v -4.000000 3.833287 8.853852
v -4.000000 4.233286 8.853852
v -4.483750 3.833287 8.934477
v -4.483750 4.233286 8.934477
v -4.564375 3.833287 9.418226
v -4.564375 4.233286 9.418226
v -4.437500 3.833287 9.418226
v -4.375000 3.833287 9.793226
v -4.350000 0.600001 9.418226
v -4.300000 0.600001 9.718227
v -4.375000 3.833287 9.043227
v -4.300000 0.600001 9.118227
v -4.000000 0.600001 9.068227
v -3.700000 0.600001 9.118227
v -4.000000 3.833287 8.980727
v -3.625000 3.833287 9.043227
v -3.700000 0.600001 9.718227
v -4.000000 0.600001 9.768228
v -3.625000 3.833287 9.793226
v -4.000000 3.833287 9.855726
v -3.562500 3.833287 9.418226
v -3.650000 0.600001 9.418226
v 4.000000 0.200001 9.937452
v 3.554950 0.200001 9.863277
v 4.000000 0.600001 9.937452
v 3.554950 0.600001 9.863277
v 3.554950 0.200001 8.973177
v 4.000000 0.200001 8.899002
v 3.554950 0.600001 8.973177
v 4.000000 0.600001 8.899002
v 4.445050 0.200001 9.863277
v 4.445050 0.600001 9.863277
v 4.519225 0.600001 9.418226
v 4.519225 0.200001 9.418226
v 4.445050 0.600001 8.973177
v 3.480775 0.600001 9.418226
v 3.480775 0.200001 9.418226
v 4.445050 0.200001 8.973177
v 4.483750 4.233286 8.934477
v 4.483750 3.833287 8.934477
v 4.564375 4.233286 9.418226
v 4.564375 3.833287 9.418226
v 4.000000 3.833287 9.982602
v 3.516250 3.833287 9.901978
v 4.000000 4.233287 9.982602
v 3.516250 4.233287 9.901978
v 4.483750 3.833287 9.901978
v 4.483750 4.233287 9.901978
v 4.000000 3.833287 8.853852
v 4.000000 4.233286 8.853852
v 3.516250 3.833287 8.934477
v 3.516250 4.233286 8.934477
v 3.435625 3.833287 9.418226
v 3.435625 4.233286 9.418226
v 3.562500 3.833287 9.418226
v 3.625000 3.833287 9.793226
v 3.650000 0.600001 9.418226
v 3.700000 0.600001 9.718227
v 3.625000 3.833287 9.043227
v 3.700000 0.600001 9.118227
v 4.000000 0.600001 9.068227
v 4.300000 0.600001 9.118227
v 4.000000 3.833287 8.980727
v 4.375000 3.833287 9.043227
v 4.300000 0.600001 9.718227
v 4.000000 0.600001 9.768228
v 4.375000 3.833287 9.793226
v 4.000000 3.833287 9.855726
v 4.437500 3.833287 9.418226
v 4.350000 0.600001 9.418226
v 4.000000 0.199999 -9.937452
v 4.445050 0.199999 -9.863277
v 4.000000 0.599999 -9.937452
v 4.445050 0.599999 -9.863277
v 4.445050 0.199999 -8.973177
v 4.000000 0.199999 -8.899002
v 4.445050 0.599999 -8.973177
v 4.000000 0.599999 -8.899002
v 3.554950 0.199999 -9.863277
v 3.554950 0.599999 -9.863277
v 3.480775 0.599999 -9.418226
v 3.480775 0.199999 -9.418226
v 3.554950 0.599999 -8.973177
v 4.519225 0.599999 -9.418226
v 4.519225 0.199999 -9.418226
v 3.554950 0.199999 -8.973177
v 3.516250 4.233285 -8.934477
v 3.516250 3.833285 -8.934477
v 3.435625 4.233285 -9.418226
v 3.435625 3.833285 -9.418226
v 4.000000 3.833285 -9.982602
v 4.483750 3.833285 -9.901978
v 4.000000 4.233285 -9.982602
v 4.483750 4.233285 -9.901978
v 3.516250 3.833285 -9.901978
v 3.516250 4.233285 -9.901978
v 4.000000 3.833285 -8.853852
v 4.000000 4.233285 -8.853852
v 4.483750 3.833285 -8.934477
v 4.483750 4.233285 -8.934477
v 4.564375 3.833285 -9.418226
v 4.564375 4.233285 -9.418226
v 4.437500 3.833285 -9.418226
v 4.375000 3.833285 -9.793226
v 4.350000 0.599999 -9.418226
v 4.300000 0.599999 -9.718227
v 4.375000 3.833285 -9.043227
v 4.300000 0.599999 -9.118227
v 4.000000 0.599999 -9.068227
v 3.700000 0.599999 -9.118227
v 4.000000 3.833285 -8.980727
v 3.625000 3.833285 -9.043227
v 3.700000 0.599999 -9.718227
v 4.000000 0.599999 -9.768228
v 3.625000 3.833285 -9.793226
v 4.000000 3.833285 -9.855726
v 3.562500 3.833285 -9.418226
v 3.650000 0.599999 -9.418226
v -4.000000 0.199999 -9.937452
v -3.554950 0.199999 -9.863277
v -4.000000 0.599999 -9.937452
v -3.554950 0.599999 -9.863277
v -3.554950 0.199999 -8.973177
v -4.000000 0.199999 -8.899002
v -3.554950 0.599999 -8.973177
v -4.000000 0.599999 -8.899002
v -4.445050 0.199999 -9.863277
v -4.445050 0.599999 -9.863277
v -4.519225 0.599999 -9.418226
v -4.519225 0.199999 -9.418226
v -4.445050 0.599999 -8.973177
v -3.480775 0.599999 -9.418226
v -3.480775 0.199999 -9.418226
v -4.445050 0.199999 -8.973177
v -4.483750 4.233285 -8.934477
v -4.483750 3.833285 -8.934477
v -4.564375 4.233285 -9.418226
v -4.564375 3.833285 -9.418226
v -4.000000 3.833285 -9.982602
v -3.516250 3.833285 -9.901978
v -4.000000 4.233285 -9.982602
v -3.516250 4.233285 -9.901978
v -4.483750 3.833285 -9.901978
v -4.483750 4.233285 -9.901978
v -4.000000 3.833285 -8.853852
v -4.000000 4.233285 -8.853852
v -3.516250 3.833285 -8.934477
v -3.516250 4.233285 -8.934477
v -3.435625 3.833285 -9.418226
v -3.435625 4.233285 -9.418226
v -3.562500 3.833285 -9.418226
v -3.625000 3.833285 -9.793226
v -3.650000 0.599999 -9.418226
v -3.700000 0.599999 -9.718227
v -3.625000 3.833285 -9.043227
v -3.700000 0.599999 -9.118227
v -4.000000 0.599999 -9.068227
v -4.300000 0.599999 -9.118227
v -4.000000 3.833285 -8.980727
v -4.375000 3.833285 -9.043227
v -4.300000 0.599999 -9.718227
v -4.000000 0.599999 -9.768228
v -4.375000 3.833285 -9.793226
v -4.000000 3.833285 -9.855726
v -4.437500 3.833285 -9.418226
v -4.350000 0.599999 -9.418226
vn 0.5000 0.8165 0.2887
vn 0.2887 0.8165 -0.5000
vn 0.3677 0.9054 0.2123
vn 0.2123 0.9054 -0.3677
vn -0.2123 0.9054 0.3677
vn -0.3677 0.9054 -0.2123
vn -0.2887 0.8165 0.5000
vn -0.5000 0.8165 -0.2887
vn 0.2122 0.9054 -0.3676
vn -0.0000 1.0000 -0.0000
vn -1.0000 -0.0000 -0.0000
vn -0.1951 -0.0000 0.9808
vn -0.3827 -0.0000 0.9239
vn -0.7071 -0.0000 0.7071
vn -0.9239 -0.0000 0.3827
vn -0.9808 -0.0000 0.1951
vn -0.0000 -0.0000 1.0000
vn 0.9239 -0.0000 -0.3827
vn 0.9808 -0.0000 -0.1951
vn 0.7071 -0.0000 -0.7071
vn 0.3827 -0.0000 -0.9239
vn 0.1951 -0.0000 -0.9808
vn 0.3810 -0.0000 -0.9246
vn 0.9808 -0.0000 0.1951
vn 0.9239 -0.0000 0.3827
vn 0.7071 -0.0000 0.7071
vn 0.3827 -0.0000 0.9239
vn 0.1951 -0.0000 0.9808
vn 0.3810 -0.0000 0.9246
vn 1.0000 -0.0000 -0.0000
vn -0.3827 -0.0000 -0.9239
vn -0.1951 -0.0000 -0.9808
vn -0.7071 -0.0000 -0.7071
vn -0.9239 -0.0000 -0.3827
vn -0.9808 -0.0000 -0.1951
vn -0.0000 -0.0000 -1.0000
vn -0.3810 -0.0000 -0.9246
vn -0.9950 -0.0000 0.0995
vn -1.0000 -0.0000 0.0018
vn -0.9950 -0.0000 -0.0995
vn -0.0995 -0.0000 -0.9950
vn 0.0995 -0.0000 -0.9950
vn -0.8660 -0.0000 -0.5000
vn -0.9659 -0.0000 -0.2588
vn -0.8650 -0.0002 -0.5017
vn -0.8670 -0.0000 -0.4984
vn -0.5000 -0.0000 -0.8660
vn -0.2588 -0.0000 -0.9659
vn -0.5000 -0.0000 0.8660
vn -0.2588 -0.0000 0.9659
vn -0.8660 -0.0000 0.5000
vn -0.9659 -0.0000 0.2588
vn 0.8660 -0.0000 0.5000
vn 0.9659 -0.0000 0.2588
vn 0.8650 -0.0002 0.5017
vn 0.8670 -0.0000 0.4984
vn 0.5000 -0.0000 0.8660
vn 0.2588 -0.0000 0.9659
vn -0.5017 -0.0000 0.8650
vn -0.4984 -0.0000 0.8670
vn -0.0018 -0.0000 -1.0000
vn 0.0995 -0.0000 0.9950
vn -0.0995 -0.0000 0.9950
vn 0.0018 -0.0000 1.0000
vn 0.5000 -0.0000 -0.8660
vn 0.2588 -0.0000 -0.9659
vn 0.5017 -0.0000 -0.8650
vn 0.4984 -0.0000 -0.8670
vn 0.8660 -0.0000 -0.5000
vn 0.9659 -0.0000 -0.2588
vn 0.5017 -0.0002 -0.8650
vn 0.9950 -0.0000 -0.0995
vn 0.9950 -0.0000 0.0995
vn 1.0000 -0.0000 -0.0018
vn -0.9232 -0.0000 0.3843
vn 0.3845 0.0001 -0.9231
vn -0.9246 -0.0000 0.3810
vn -0.0000 -1.0000 -0.0000
vn -0.9158 0.3911 0.0916
vn -0.9229 0.3739 0.0923
vn -0.4015 0.9150 0.0402
vn -0.3602 0.9322 0.0360
vn 0.3757 0.9267 -0.0125
vn 0.3895 0.9209 -0.0129
vn 0.9994 -0.0000 -0.0332
vn 0.9222 0.3854 -0.0306
vn 0.9246 0.3797 -0.0307
vn 0.0360 -0.9322 -0.3603
vn 0.0401 -0.9150 -0.4015
vn 0.0916 -0.3911 -0.9158
vn 0.0923 -0.3739 -0.9229
vn -0.0129 -0.9209 0.3895
vn -0.0307 -0.3797 0.9246
vn -0.0125 -0.9267 0.3757
vn -0.0306 -0.3854 0.9222
vn -0.0332 -0.0000 0.9994
vn 0.9246 -0.0002 -0.3810
vn -0.9375 -0.0000 -0.3481
vn -0.8012 -0.0000 -0.5984
vn -0.2602 -0.0000 0.9656
vn -0.2601 -0.0000 0.9656
vn -0.9656 -0.0000 0.2601
vn -0.9656 -0.0000 0.2602
vn 0.3481 -0.0000 0.9375
vn 0.5984 -0.0000 0.8012
vn 0.9808 -0.0001 -0.1951
vn 0.0747 0.9239 0.3753
vn 0.1802 0.3827 0.9061
vn -0.0747 -0.9239 -0.3753
vn 0.0747 -0.9239 0.3753
vn -0.1802 0.3827 -0.9061
vn -0.1802 -0.3827 -0.9061
vn 0.1802 -0.3827 0.9061
vn -0.0747 0.9239 -0.3753
vn -0.2126 0.9239 -0.3182
vn 0.2126 0.9239 0.3182
vn -0.2126 -0.9239 -0.3182
vn 0.2126 -0.9239 0.3182
vn -0.5133 -0.3827 -0.7682
vn 0.5133 -0.3827 0.7682
vn 0.5133 0.3827 0.7682
vn -0.8315 -0.0000 0.5556
vn -0.5133 0.3827 -0.7682
vn 0.8315 -0.0000 -0.5556
vn 0.3753 0.9239 0.0747
vn 0.9061 0.3827 0.1802
vn -0.3753 0.9239 -0.0747
vn -0.9061 -0.3827 -0.1802
vn -0.9061 0.3827 -0.1802
vn 0.9061 -0.3827 0.1802
vn -0.3753 -0.9239 -0.0747
vn 0.1950 -0.0000 -0.9808
vn 0.3753 -0.9239 0.0747
vn -0.9231 0.0001 -0.3845
vn -0.9246 -0.0000 -0.3810
vn 0.0916 0.3911 0.9158
vn 0.0923 0.3739 0.9229
vn 0.0402 0.9150 0.4015
vn 0.0360 0.9322 0.3603
vn -0.0125 0.9267 -0.3757
vn -0.0129 0.9209 -0.3895
vn -0.0332 -0.0000 -0.9994
vn -0.0306 0.3854 -0.9222
vn -0.0307 0.3797 -0.9246
vn -0.3603 -0.9322 -0.0360
vn -0.4015 -0.9150 -0.0402
vn -0.9158 -0.3911 -0.0916
vn -0.9229 -0.3739 -0.0923
vn 0.3895 -0.9209 0.0129
vn 0.9246 -0.3797 0.0307
vn 0.3757 -0.9267 0.0125
vn 0.9222 -0.3854 0.0306
vn 0.9994 -0.0000 0.0332
vn -0.3481 -0.0000 0.9375
vn -0.5984 -0.0000 0.8012
vn 0.9656 -0.0000 0.2602
vn 0.9656 -0.0000 0.2601
vn 0.2601 -0.0000 0.9656
vn 0.2602 -0.0000 0.9656
vn 0.9375 -0.0000 -0.3481
vn 0.8012 -0.0000 -0.5984
vn 0.3753 0.9239 -0.0747
vn 0.9061 0.3827 -0.1802
vn -0.3753 -0.9239 0.0747
vn 0.3753 -0.9239 -0.0747
vn -0.9061 0.3827 0.1802
vn -0.9061 -0.3827 0.1802
vn 0.9061 -0.3827 -0.1802
vn -0.3753 0.9239 0.0747
vn -0.3182 0.9239 0.2126
vn 0.3182 0.9239 -0.2126
vn -0.3182 -0.9239 0.2126
vn 0.3182 -0.9239 -0.2126
vn -0.7682 -0.3827 0.5133
vn 0.7682 -0.3827 -0.5133
vn 0.7682 0.3827 -0.5133
vn 0.5556 -0.0000 0.8315
vn -0.7682 0.3827 0.5133
vn -0.5556 -0.0000 -0.8315
vn 0.0747 0.9239 -0.3753
vn 0.1802 0.3827 -0.9061
vn -0.0747 0.9239 0.3753
vn -0.1802 -0.3827 0.9061
vn -0.1802 0.3827 0.9061
vn 0.1802 -0.3827 -0.9061
vn -0.0747 -0.9239 0.3753
vn 0.0747 -0.9239 -0.3753
vn 0.9158 0.3911 -0.0916
vn 0.9229 0.3739 -0.0923
vn 0.4015 0.9150 -0.0402
vn 0.3603 0.9322 -0.0360
vn -0.3757 0.9267 0.0125
vn -0.3895 0.9209 0.0129
vn -0.9994 -0.0000 0.0332
vn -0.9222 0.3854 0.0306
vn -0.9246 0.3797 0.0307
vn -0.0360 -0.9322 0.3602
vn -0.0401 -0.9150 0.4015
vn -0.0916 -0.3911 0.9158
vn -0.0923 -0.3739 0.9229
vn 0.0129 -0.9209 -0.3895
vn 0.0307 -0.3797 -0.9246
vn 0.0125 -0.9267 -0.3757
vn 0.0306 -0.3854 -0.9222
vn 0.0332 -0.0000 -0.9994
vn 0.9375 -0.0000 0.3481
vn 0.8012 -0.0000 0.5984
vn 0.2602 -0.0000 -0.9656
vn 0.2601 -0.0000 -0.9656
vn 0.9656 -0.0000 -0.2601
vn 0.9656 -0.0000 -0.2602
vn -0.3481 -0.0000 -0.9375
vn -0.5984 -0.0000 -0.8012
vn -0.1950 -0.0000 0.9808
vn 0.9231 0.0001 0.3845
vn 0.9246 -0.0000 0.3810
vn -0.0916 0.3911 -0.9158
vn -0.0923 0.3739 -0.9229
vn -0.0401 0.9150 -0.4015
vn -0.0360 0.9322 -0.3603
vn 0.0125 0.9267 0.3757
vn 0.0129 0.9209 0.3895
vn 0.0332 -0.0000 0.9994
vn 0.0306 0.3854 0.9222
vn 0.0307 0.3797 0.9246
vn 0.3603 -0.9322 0.0360
vn 0.4015 -0.9150 0.0402
vn 0.9158 -0.3911 0.0916
vn 0.9229 -0.3739 0.0923
vn -0.3895 -0.9209 -0.0129
vn -0.9246 -0.3797 -0.0307
vn -0.3757 -0.9267 -0.0125
vn -0.9222 -0.3854 -0.0306
vn -0.9994 -0.0000 -0.0332
vn 0.3481 -0.0000 -0.9375
vn 0.5984 -0.0000 -0.8012
vn -0.9656 -0.0000 -0.2602
vn -0.9656 -0.0000 -0.2601
vn -0.2601 -0.0000 -0.9656
vn -0.2602 -0.0000 -0.9656
vn -0.9375 -0.0000 0.3481
vn -0.8012 -0.0000 0.5984
vn -1.0000 -0.0000 0.0014
vn 0.0433 -0.9217 -0.3854
vn 0.0422 -0.9257 -0.3758
vn -0.0422 -0.9257 0.3758
vn -0.0433 -0.9217 0.3854
vn 0.0433 0.9217 -0.3854
vn -0.0422 0.9257 0.3758
vn 0.0422 0.9257 -0.3758
vn -0.0433 0.9217 0.3854
vn 0.1033 0.3804 -0.9190
vn 0.1031 0.3844 -0.9174
vn 0.1033 -0.3804 -0.9190
vn 0.1031 -0.3844 -0.9174
vn -0.1031 -0.3844 0.9174
vn -0.1033 -0.3804 0.9190
vn -0.1031 0.3844 0.9174
vn -0.1033 0.3804 0.9190
vn -0.9961 -0.0000 -0.0887
vn -0.9961 -0.0000 -0.0886
vn 0.9961 -0.0000 0.0887
vn 0.9961 -0.0000 0.0886
vn 0.0381 -0.9239 -0.3808
vn -0.0381 -0.9239 0.3808
vn 0.0381 0.9239 -0.3808
vn -0.0381 0.9239 0.3808
vn 0.0919 0.3827 -0.9193
vn 0.0919 -0.3827 -0.9193
vn -0.0919 -0.3827 0.9193
vn -0.0919 0.3827 0.9193
vn -0.0381 0.9239 -0.3808
vn 0.0381 0.9239 0.3808
vn -0.0381 -0.9239 -0.3808
vn 0.0381 -0.9239 0.3808
vn -0.0919 0.3827 -0.9193
vn 0.0919 0.3827 0.9193
vn -0.0919 -0.3827 -0.9193
vn 0.0919 -0.3827 0.9193
vn -0.0360 -0.9322 0.3603
vn -0.0402 -0.9150 0.4015
vn -0.0402 0.9150 -0.4015
vn 0.4576 -0.0000 -0.8892
vn 0.8892 -0.0000 -0.4576
vn 0.9864 -0.0000 -0.1644
vn -0.4576 -0.0000 -0.8892
vn -0.8892 -0.0000 -0.4576
vn -0.9864 -0.0000 -0.1644
vn 0.9193 -0.3827 -0.0919
vn 0.3808 -0.9239 -0.0381
vn 0.9193 0.3827 -0.0919
vn 0.3808 0.9239 -0.0381
vn -0.3808 0.9239 0.0381
vn -0.3808 -0.9239 0.0381
vn -0.9193 -0.3827 0.0919
vn -0.9193 0.3827 0.0919
vn 0.9193 -0.3827 0.0919
vn 0.3808 -0.9239 0.0381
vn -0.9193 -0.3827 -0.0919
vn -0.9193 0.3827 -0.0919
vn -0.3808 0.9239 -0.0381
vn -0.3808 -0.9239 -0.0381
vn 0.3808 0.9239 0.0381
vn 0.9193 0.3827 0.0919
vn -0.8651 0.0004 -0.5016
vn -0.8651 0.0002 -0.5016
vn 0.8651 0.0004 0.5016
vn 0.8651 0.0002 0.5016
vn -0.5016 0.0002 0.8651
vn 0.0014 -0.0000 -1.0000
vn 0.0402 -0.9150 -0.4015
vn -0.4576 -0.0000 0.8892
vn -0.8892 -0.0000 0.4576
vn -0.9864 -0.0000 0.1644
vn 0.4576 -0.0000 0.8892
vn 0.8892 -0.0000 0.4576
vn 0.9864 -0.0000 0.1644
vn 0.5016 -0.0002 -0.8651
vn 0.5016 0.0002 -0.8651
vn -1.0000 -0.0000 -0.0014
vn -0.3602 -0.9322 -0.0360
vn 1.0000 -0.0000 -0.0014
vn -0.9950 0.0001 -0.0995
vn -0.8137 -0.0000 -0.5812
vn -0.8137 -0.0000 0.5812
vn -0.5812 -0.0000 0.8137
vn 0.5812 -0.0000 0.8137
vn 0.8137 -0.0000 0.5812
vn 0.8137 -0.0000 -0.5812
vn 0.5812 -0.0000 -0.8137
vn -0.5812 -0.0000 -0.8137
vn -0.7084 -0.0000 -0.7058
vn 0.7084 -0.0000 0.7058
vn -0.7069 -0.0251 0.7069
vn -0.8135 -0.0247 0.5811
vn 0.7069 -0.0251 0.7069
vn 0.8135 -0.0247 0.5811
vn -0.5811 -0.0247 0.8135
vn -0.7069 -0.0251 -0.7069
vn -0.7056 -0.0251 -0.7082
vn -0.5811 -0.0247 -0.8135
vn -0.8135 -0.0247 -0.5811
vn -0.7082 -0.0251 -0.7056
vn 0.7069 -0.0251 -0.7069
vn 0.8135 -0.0247 -0.5811
vn 0.5811 -0.0247 -0.8135
vn 0.5811 -0.0247 0.8135
vn -0.7058 -0.0000 0.7084
vn 0.7058 -0.0000 -0.7084
vn -0.7082 -0.0251 0.7056
vn -0.7056 -0.0251 0.7082
vn 0.7056 -0.0251 0.7082
vn 0.7082 -0.0251 0.7056
vn 0.7082 -0.0251 -0.7056
vn 0.7056 -0.0251 -0.7082
vn -0.1644 -0.0000 0.9864
vn -0.1644 -0.0000 -0.9864
vn 0.1644 -0.0000 0.9864
vn -1.0000 -0.0000 0.0019
vn 1.0000 -0.0000 -0.0019
vn 0.1644 -0.0000 -0.9864
vn -0.9996 -0.0271 -0.0000
vn -0.9860 -0.0267 0.1643
vn -0.9860 -0.0267 -0.1643
vn -0.0000 -0.0271 -0.9996
vn 0.1643 -0.0267 -0.9860
vn 0.1643 -0.0267 0.9860
vn -0.0000 -0.0271 0.9996
vn 0.9860 -0.0267 -0.1643
vn 0.9996 -0.0270 -0.0019
vn 0.9996 -0.0271 0.0019
vn 0.9860 -0.0267 0.1643
vn 0.9996 -0.0270 0.0019
vn -0.1643 -0.0267 -0.9860
vn -0.1643 -0.0267 0.9860
vn 0.9996 -0.0271 -0.0019
vn 0.9996 -0.0271 -0.0000
vn -0.9996 -0.0270 0.0019
vn -0.9996 -0.0271 -0.0019
vn -0.9996 -0.0270 -0.0019
vn -0.9996 -0.0271 0.0019
vt 0.468750 0.145000
vt 0.468750 0.165000
vt 0.093750 0.225000
vt 0.093750 0.025000
vt 0.343750 0.025000
vt 0.343750 0.225000
vt 0.343750 0.221923
vt 0.343750 0.218846
vt 0.343750 0.105000
vt 0.343750 0.173581
vt 0.343750 0.175943
vt 0.343750 0.185392
vt 0.343750 0.187754
vt 0.343750 0.207477
vt 0.343750 0.219288
vt 0.343750 0.221650
vt 0.343750 0.209839
vt 0.343750 0.154643
vt 0.343750 0.140470
vt 0.343750 0.142832
vt 0.343750 0.152281
vt 0.343750 0.142862
vt 0.343750 0.140500
vt 0.343750 0.131051
vt 0.343750 0.128688
vt 0.343750 0.077616
vt 0.343750 0.103521
vt 0.343750 0.099204
vt 0.343750 0.081934
vt 0.343750 0.131426
vt 0.343750 0.150474
vt 0.343750 0.147299
vt 0.343750 0.134601
vt 0.343750 0.216241
vt 0.343750 0.197194
vt 0.343750 0.213067
vt 0.343750 0.200368
vt 0.343750 0.194483
vt 0.343750 0.192121
vt 0.343750 0.203932
vt 0.343750 0.206295
vt 0.343750 0.167990
vt 0.343750 0.170352
vt 0.343750 0.179801
vt 0.343750 0.182163
vt 0.343750 0.124128
vt 0.343750 0.121766
vt 0.343750 0.133577
vt 0.343750 0.135939
vt 0.218750 0.145000
vt 0.218750 0.225000
vt 0.218750 0.175000
vt 0.218750 0.075000
s 1
usemtl colormap
f 15/1/1 17/1/2 16/2/3
f 18/2/4 16/2/3 17/1/2
f 19/2/5 16/2/3 20/2/6
f 18/2/4 20/2/6 16/2/3
f 21/1/7 19/2/5 22/1/8
f 20/2/6 22/1/8 19/2/5
f 21/1/7 15/1/1 19/2/5
f 16/2/3 19/2/5 15/1/1
f 20/2/6 18/2/4 22/1/8
f 17/1/2 22/1/8 18/2/4
f 23/1/2 25/1/8 24/2/4
f 26/2/6 24/2/4 25/1/8
f 27/2/3 24/2/4 28/2/5
f 26/2/6 28/2/5 24/2/4
f 29/1/1 27/2/3 30/1/7
f 28/2/5 30/1/7 27/2/3
f 29/1/1 23/1/2 27/2/3
f 24/2/4 27/2/3 23/1/2
f 28/2/5 26/2/6 30/1/7
f 25/1/8 30/1/7 26/2/6
f 31/1/7 33/1/1 32/2/5
f 34/2/3 32/2/5 33/1/1
f 35/2/6 32/2/5 36/2/9
f 34/2/3 36/2/9 32/2/5
f 37/1/8 35/2/6 38/1/2
f 36/2/9 38/1/2 35/2/6
f 37/1/8 31/1/7 35/2/6
f 32/2/5 35/2/6 31/1/7
f 36/2/9 34/2/3 38/1/2
f 33/1/1 38/1/2 34/2/3
f 39/3/10 41/3/10 40/3/10
f 42/3/10 40/3/10 41/3/10
f 43/3/10 40/3/10 42/3/10
f 44/3/10 43/3/10 42/3/10
f 45/3/10 43/3/10 44/3/10
f 46/3/10 45/3/10 44/3/10
f 47/3/10 45/3/10 46/3/10
f 48/3/10 47/3/10 46/3/10
f 49/4/11 41/3/11 50/4/11
f 39/3/11 50/4/11 41/3/11
f 49/4/12 51/4/13 41/3/12
f 42/3/13 41/3/12 51/4/13
f 51/4/13 52/4/14 42/3/13
f 44/3/14 42/3/13 52/4/14
f 53/4/15 46/3/15 52/4/14
f 44/3/14 52/4/14 46/3/15
f 54/4/16 48/3/16 53/4/15
f 46/3/15 53/4/15 48/3/16
f 54/4/17 55/4/17 48/3/17
f 47/3/17 48/3/17 55/4/17
f 56/4/18 45/3/18 55/4/19
f 47/3/19 55/4/19 45/3/18
f 57/4/20 43/3/20 56/4/18
f 45/3/18 56/4/18 43/3/20
f 40/3/21 43/3/20 58/4/21
f 57/4/20 58/4/21 43/3/20
f 39/3/22 40/3/23 50/4/22
f 58/4/21 50/4/22 40/3/21
f 59/3/10 61/3/10 60/3/10
f 62/3/10 60/3/10 61/3/10
f 63/3/10 60/3/10 62/3/10
f 64/3/10 63/3/10 62/3/10
f 65/3/10 63/3/10 64/3/10
f 66/3/10 65/3/10 64/3/10
f 67/3/10 65/3/10 66/3/10
f 68/3/10 67/3/10 66/3/10
f 69/4/17 61/3/17 70/4/17
f 59/3/17 70/4/17 61/3/17
f 69/4/24 71/4/25 61/3/24
f 62/3/25 61/3/24 71/4/25
f 71/4/25 72/4/26 62/3/25
f 64/3/26 62/3/25 72/4/26
f 73/4/27 66/3/27 72/4/26
f 64/3/26 72/4/26 66/3/27
f 74/4/28 68/3/28 73/4/29
f 66/3/27 73/4/27 68/3/28
f 74/4/30 75/4/30 68/3/30
f 67/3/30 68/3/30 75/4/30
f 76/4/31 65/3/31 75/4/32
f 67/3/32 75/4/32 65/3/31
f 77/4/33 63/3/33 76/4/31
f 65/3/31 76/4/31 63/3/33
f 60/3/34 63/3/33 78/4/34
f 77/4/33 78/4/34 63/3/33
f 59/3/35 60/3/34 70/4/35
f 78/4/34 70/4/35 60/3/34
f 79/3/10 81/3/10 80/3/10
f 82/3/10 80/3/10 81/3/10
f 83/3/10 80/3/10 82/3/10
f 84/3/10 83/3/10 82/3/10
f 85/3/10 83/3/10 84/3/10
f 86/3/10 85/3/10 84/3/10
f 87/3/10 85/3/10 86/3/10
f 88/3/10 87/3/10 86/3/10
f 89/4/30 81/3/30 90/4/30
f 79/3/30 90/4/30 81/3/30
f 89/4/22 91/4/21 81/3/22
f 82/3/21 81/3/22 91/4/21
f 91/4/21 92/4/20 82/3/21
f 84/3/20 82/3/21 92/4/20
f 93/4/18 86/3/18 92/4/20
f 84/3/20 92/4/20 86/3/18
f 94/4/19 88/3/19 93/4/18
f 86/3/18 93/4/18 88/3/19
f 94/4/36 95/4/36 88/3/36
f 87/3/36 88/3/36 95/4/36
f 96/4/15 85/3/15 95/4/16
f 87/3/16 95/4/16 85/3/15
f 97/4/14 83/3/14 96/4/15
f 85/3/15 96/4/15 83/3/14
f 80/3/13 83/3/14 98/4/13
f 97/4/14 98/4/13 83/3/14
f 79/3/12 80/3/13 90/4/12
f 98/4/13 90/4/12 80/3/13
f 99/3/10 101/3/10 100/3/10
f 102/3/10 100/3/10 101/3/10
f 103/3/10 100/3/10 102/3/10
f 104/3/10 103/3/10 102/3/10
f 105/3/10 103/3/10 104/3/10
f 106/3/10 105/3/10 104/3/10
f 107/3/10 105/3/10 106/3/10
f 108/3/10 107/3/10 106/3/10
f 109/4/36 101/3/36 110/4/36
f 99/3/36 110/4/36 101/3/36
f 109/4/35 111/4/34 101/3/35
f 102/3/34 101/3/35 111/4/34
f 111/4/34 112/4/33 102/3/34
f 104/3/33 102/3/34 112/4/33
f 113/4/31 106/3/31 112/4/33
f 104/3/33 112/4/33 106/3/31
f 114/4/32 108/3/32 113/4/37
f 106/3/31 113/4/31 108/3/32
f 114/4/11 115/4/11 108/3/11
f 107/3/11 108/3/11 115/4/11
f 116/4/27 105/3/27 115/4/28
f 107/3/28 115/4/28 105/3/27
f 117/4/26 103/3/26 116/4/27
f 105/3/27 116/4/27 103/3/26
f 100/3/25 103/3/26 118/4/25
f 117/4/26 118/4/25 103/3/26
f 99/3/24 100/3/25 110/4/24
f 118/4/25 110/4/24 100/3/25
f 109/4/38 101/3/38 119/4/39
f 120/3/11 119/4/11 101/3/38
f 121/3/10 122/3/10 99/3/10
f 120/3/10 99/3/10 122/3/10
f 101/3/10 99/3/10 120/3/10
f 123/4/30 121/3/30 110/4/30
f 99/3/30 110/4/30 121/3/30
f 119/4/11 120/3/11 124/4/40
f 122/3/40 124/4/40 120/3/11
f 122/3/36 121/3/36 124/4/36
f 123/4/36 124/4/36 121/3/36
f 125/4/41 127/3/41 126/4/36
f 128/3/36 126/4/36 127/3/41
f 129/3/10 130/3/10 79/3/10
f 128/3/10 79/3/10 130/3/10
f 127/3/10 79/3/10 128/3/10
f 131/4/17 129/3/17 90/4/17
f 79/3/17 90/4/17 129/3/17
f 126/4/36 128/3/36 132/4/42
f 130/3/42 132/4/42 128/3/36
f 130/3/30 129/3/30 132/4/30
f 131/4/30 132/4/30 129/3/30
f 125/4/11 90/4/11 127/3/11
f 79/3/11 127/3/11 90/4/11
f 133/3/10 135/3/10 134/3/10
f 136/3/10 134/3/10 135/3/10
f 137/3/10 136/3/10 135/3/10
f 133/3/30 134/3/30 138/4/30
f 139/4/30 138/4/30 134/3/30
f 139/4/17 134/3/17 140/4/17
f 136/3/17 140/4/17 134/3/17
f 141/4/43 140/4/44 137/3/45
f 136/3/44 137/3/46 140/4/44
f 142/4/47 141/4/43 135/3/47
f 137/3/45 135/3/47 141/4/43
f 138/4/48 142/4/47 133/3/48
f 135/3/47 133/3/48 142/4/47
f 143/3/10 145/3/10 144/3/10
f 146/3/10 144/3/10 145/3/10
f 147/3/10 146/3/10 145/3/10
f 143/3/36 144/3/36 148/4/36
f 149/4/36 148/4/36 144/3/36
f 149/4/30 144/3/30 150/4/30
f 146/3/30 150/4/30 144/3/30
f 151/4/49 150/4/50 147/3/49
f 146/3/50 147/3/49 150/4/50
f 152/4/51 151/4/49 145/3/51
f 147/3/49 145/3/51 151/4/49
f 148/4/52 152/4/51 143/3/52
f 145/3/51 143/3/52 152/4/51
f 153/3/10 154/3/10 121/3/10
f 122/3/10 121/3/10 154/3/10
f 155/3/10 122/3/10 154/3/10
f 153/3/30 121/3/30 156/4/30
f 123/4/30 156/4/30 121/3/30
f 157/4/43 124/4/44 155/3/43
f 122/3/44 155/3/43 124/4/44
f 158/4/47 157/4/43 154/3/47
f 155/3/43 154/3/47 157/4/43
f 156/4/48 158/4/47 153/3/48
f 154/3/47 153/3/48 158/4/47
f 159/3/10 161/3/10 160/3/10
f 162/3/10 160/3/10 161/3/10
f 163/3/10 162/3/10 161/3/10
f 159/3/11 160/3/11 164/4/11
f 165/4/11 164/4/11 160/3/11
f 165/4/36 160/3/36 166/4/36
f 162/3/36 166/4/36 160/3/36
f 167/4/53 166/4/54 163/3/55
f 162/3/54 163/3/56 166/4/54
f 168/4/57 167/4/53 161/3/57
f 163/3/55 161/3/57 167/4/53
f 164/4/58 168/4/57 159/3/58
f 161/3/57 159/3/58 168/4/57
f 169/3/10 171/3/10 170/3/10
f 172/3/10 170/3/10 171/3/10
f 173/3/10 172/3/10 171/3/10
f 169/3/11 170/3/11 174/4/11
f 175/4/11 174/4/11 170/3/11
f 175/4/36 170/3/36 176/4/36
f 172/3/36 176/4/36 170/3/36
f 177/4/53 176/4/54 173/3/53
f 172/3/54 173/3/53 176/4/54
f 178/4/57 177/4/53 171/3/57
f 173/3/53 171/3/57 177/4/53
f 174/4/58 178/4/57 169/3/58
f 171/3/57 169/3/58 178/4/57
f 179/3/10 181/3/10 180/3/10
f 182/3/10 180/3/10 181/3/10
f 183/3/10 182/3/10 181/3/10
f 179/3/36 180/3/36 184/4/36
f 185/4/36 184/4/36 180/3/36
f 185/4/30 180/3/30 186/4/30
f 182/3/30 186/4/30 180/3/30
f 187/4/49 186/4/50 183/3/59
f 182/3/50 183/3/60 186/4/50
f 188/4/51 187/4/49 181/3/51
f 183/3/59 181/3/51 187/4/49
f 184/4/52 188/4/51 179/3/52
f 181/3/51 179/3/52 188/4/51
f 138/4/41 133/3/41 189/4/61
f 190/3/36 189/4/36 133/3/41
f 107/3/10 108/3/10 134/3/10
f 190/3/10 134/3/10 108/3/10
f 133/3/10 134/3/10 190/3/10
f 115/4/17 107/3/17 139/4/17
f 134/3/17 139/4/17 107/3/17
f 189/4/36 190/3/36 114/4/42
f 108/3/42 114/4/42 190/3/36
f 108/3/30 107/3/30 114/4/30
f 115/4/30 114/4/30 107/3/30
f 138/4/11 139/4/11 133/3/11
f 134/3/11 133/3/11 139/4/11
f 191/4/62 193/3/62 192/4/17
f 194/3/17 192/4/17 193/3/62
f 144/3/10 146/3/10 195/3/10
f 194/3/10 195/3/10 146/3/10
f 193/3/10 195/3/10 194/3/10
f 149/4/36 144/3/36 196/4/36
f 195/3/36 196/4/36 144/3/36
f 192/4/17 194/3/17 150/4/63
f 146/3/63 150/4/63 194/3/17
f 191/4/30 196/4/30 193/3/30
f 195/3/30 193/3/30 196/4/30
f 164/4/62 159/3/62 197/4/64
f 198/3/17 197/4/17 159/3/62
f 67/3/10 68/3/10 160/3/10
f 198/3/10 160/3/10 68/3/10
f 159/3/10 160/3/10 198/3/10
f 75/4/36 67/3/36 165/4/36
f 160/3/36 165/4/36 67/3/36
f 197/4/17 198/3/17 74/4/63
f 68/3/63 74/4/63 198/3/17
f 68/3/11 67/3/11 74/4/11
f 75/4/11 74/4/11 67/3/11
f 164/4/30 165/4/30 159/3/30
f 160/3/30 159/3/30 165/4/30
f 199/3/10 201/3/10 200/3/10
f 202/3/10 200/3/10 201/3/10
f 203/3/10 202/3/10 201/3/10
f 199/3/17 200/3/17 204/4/17
f 205/4/17 204/4/17 200/3/17
f 205/4/11 200/3/11 206/4/11
f 202/3/11 206/4/11 200/3/11
f 207/4/65 206/4/66 203/3/67
f 202/3/66 203/3/68 206/4/66
f 208/4/69 207/4/65 201/3/69
f 203/3/67 201/3/69 207/4/65
f 204/4/70 208/4/69 199/3/70
f 201/3/69 199/3/70 208/4/69
f 209/3/10 211/3/10 210/3/10
f 212/3/10 210/3/10 211/3/10
f 213/3/10 212/3/10 211/3/10
f 209/3/17 210/3/17 214/4/17
f 215/4/17 214/4/17 210/3/17
f 215/4/11 210/3/11 216/4/11
f 212/3/11 216/4/11 210/3/11
f 217/4/65 216/4/66 213/3/71
f 212/3/66 213/3/68 216/4/66
f 218/4/69 217/4/65 211/3/69
f 213/3/71 211/3/69 217/4/65
f 214/4/70 218/4/69 209/3/70
f 211/3/69 209/3/70 218/4/69
f 184/4/38 179/3/38 219/4/11
f 220/3/11 219/4/11 179/3/38
f 47/3/10 222/3/10 221/3/10
f 220/3/10 221/3/10 222/3/10
f 179/3/10 221/3/10 220/3/10
f 55/4/30 47/3/30 223/4/30
f 221/3/30 223/4/30 47/3/30
f 219/4/11 220/3/11 224/4/40
f 222/3/40 224/4/40 220/3/11
f 222/3/36 47/3/36 224/4/36
f 55/4/36 224/4/36 47/3/36
f 184/4/17 223/4/17 179/3/17
f 221/3/17 179/3/17 223/4/17
f 225/4/72 227/3/72 226/4/30
f 228/3/30 226/4/30 227/3/72
f 229/3/10 230/3/10 210/3/10
f 228/3/10 210/3/10 230/3/10
f 227/3/10 210/3/10 228/3/10
f 231/4/11 229/3/11 215/4/11
f 210/3/11 215/4/11 229/3/11
f 226/4/30 228/3/30 232/4/73
f 230/3/73 232/4/73 228/3/30
f 230/3/17 229/3/17 232/4/17
f 231/4/17 232/4/17 229/3/17
f 225/4/36 215/4/36 227/3/36
f 210/3/36 227/3/36 215/4/36
f 69/4/72 61/3/72 233/4/74
f 234/3/30 233/4/30 61/3/72
f 170/3/10 172/3/10 59/3/10
f 234/3/10 59/3/10 172/3/10
f 61/3/10 59/3/10 234/3/10
f 175/4/11 170/3/11 70/4/11
f 59/3/11 70/4/11 170/3/11
f 233/4/30 234/3/30 176/4/73
f 172/3/73 176/4/73 234/3/30
f 235/5/12 237/5/13 236/6/12
f 238/6/13 236/6/12 237/5/13
f 237/5/13 239/5/14 238/6/13
f 240/6/14 238/6/13 239/5/14
f 241/5/75 242/6/15 239/5/14
f 240/6/14 239/5/14 242/6/15
f 45/5/18 243/6/18 47/5/19
f 244/6/19 47/5/19 243/6/18
f 43/5/20 245/6/20 45/5/18
f 243/6/18 45/5/18 245/6/20
f 246/6/76 245/6/20 40/5/21
f 43/5/20 40/5/21 245/6/20
f 247/6/22 246/6/23 39/5/22
f 40/5/21 39/5/22 246/6/76
f 248/5/17 47/5/17 249/6/17
f 244/6/17 249/6/17 47/5/17
f 235/5/11 236/6/11 39/5/11
f 247/6/11 39/5/11 236/6/11
f 248/5/16 249/6/16 241/5/77
f 242/6/15 241/5/75 249/6/16
f 247/6/10 236/6/10 246/6/10
f 238/6/10 246/6/10 236/6/10
f 245/6/10 246/6/10 238/6/10
f 240/6/10 245/6/10 238/6/10
f 243/6/10 245/6/10 240/6/10
f 242/6/10 243/6/10 240/6/10
f 244/6/10 243/6/10 242/6/10
f 249/6/10 244/6/10 242/6/10
f 250/5/78 248/5/78 251/5/78
f 252/5/78 251/5/78 248/5/78
f 252/5/38 253/7/79 251/5/38
f 254/7/80 251/5/38 253/7/79
f 255/6/81 257/6/82 256/6/83
f 258/6/84 256/6/83 257/6/82
f 259/8/85 260/7/86 244/8/85
f 261/7/87 244/8/85 260/7/86
f 260/7/86 256/6/83 261/7/87
f 258/6/84 261/7/87 256/6/83
f 254/7/80 253/7/79 255/6/81
f 257/6/82 255/6/81 253/7/79
f 260/7/36 259/8/36 256/6/36
f 259/8/36 262/8/36 256/6/36
f 255/6/36 256/6/36 262/8/36
f 262/8/36 250/5/36 255/6/36
f 250/5/36 251/5/36 255/6/36
f 254/7/36 255/6/36 251/5/36
f 252/5/17 248/5/17 253/7/17
f 257/6/17 253/7/17 248/5/17
f 249/8/17 257/6/17 248/5/17
f 258/6/17 257/6/17 249/8/17
f 244/8/17 258/6/17 249/8/17
f 261/7/17 258/6/17 244/8/17
f 276/7/30 272/6/30 274/8/30
f 274/8/30 272/6/30 278/8/30
f 272/6/30 271/6/30 278/8/30
f 278/8/30 271/6/30 265/5/30
f 271/6/30 267/7/30 265/5/30
f 266/5/30 265/5/30 267/7/30
f 268/7/11 269/6/11 264/5/11
f 263/5/11 264/5/11 269/6/11
f 277/8/11 263/5/11 269/6/11
f 269/6/11 270/6/11 277/8/11
f 273/8/11 277/8/11 270/6/11
f 275/7/11 273/8/11 270/6/11
f 271/6/88 269/6/89 267/7/90
f 268/7/91 267/7/90 269/6/89
f 272/6/92 276/7/93 270/6/94
f 275/7/95 270/6/94 276/7/93
f 276/7/93 274/8/96 275/7/95
f 273/8/96 275/7/95 274/8/96
f 272/6/92 270/6/94 271/6/88
f 269/6/89 271/6/88 270/6/94
f 268/7/91 264/5/42 267/7/90
f 266/5/42 267/7/90 264/5/42
f 266/5/10 264/5/10 265/5/10
f 263/5/10 265/5/10 264/5/10
f 1/5/78 280/5/78 279/5/78
f 2/5/78 279/5/78 280/5/78
f 281/5/78 279/5/78 2/5/78
f 282/5/78 281/5/78 2/5/78
f 283/5/78 281/5/78 282/5/78
f 284/5/78 283/5/78 282/5/78
f 3/5/78 284/5/78 282/5/78
f 285/5/78 284/5/78 3/5/78
f 50/9/10 286/9/10 58/9/10
f 57/9/10 58/9/10 286/9/10
f 287/9/10 57/9/10 286/9/10
f 56/9/10 57/9/10 287/9/10
f 288/9/10 56/9/10 287/9/10
f 289/9/10 56/9/10 288/9/10
f 55/9/10 56/9/10 289/9/10
f 290/9/10 55/9/10 289/9/10
f 279/5/11 286/9/11 1/5/11
f 50/9/11 1/5/11 286/9/11
f 279/5/12 281/5/13 286/9/12
f 287/9/13 286/9/12 281/5/13
f 281/5/13 283/5/14 287/9/13
f 288/9/14 287/9/13 283/5/14
f 284/5/15 289/9/15 283/5/14
f 288/9/14 283/5/14 289/9/15
f 285/5/16 290/9/16 284/5/77
f 289/9/15 284/5/15 290/9/16
f 285/5/17 3/5/17 290/9/17
f 55/9/17 290/9/17 3/5/17
f 282/5/18 56/9/18 3/5/19
f 55/9/19 3/5/19 56/9/97
f 2/5/20 57/9/20 282/5/18
f 56/9/18 282/5/18 57/9/20
f 58/9/21 57/9/20 280/5/21
f 2/5/20 280/5/21 57/9/20
f 50/9/22 58/9/21 1/5/22
f 280/5/21 1/5/22 58/9/21
f 291/9/98 293/9/99 292/5/98
f 294/5/99 292/5/98 293/9/99
f 295/5/100 297/9/101 296/5/14
f 298/9/14 296/5/14 297/9/101
f 296/5/14 298/9/14 299/5/102
f 300/9/103 299/5/102 298/9/14
f 301/5/104 303/5/105 302/9/104
f 304/9/105 302/9/104 303/5/105
f 295/5/100 301/5/104 297/9/101
f 302/9/104 297/9/101 301/5/104
f 300/9/103 291/9/98 299/5/102
f 292/5/98 299/5/102 291/9/98
f 293/9/10 291/9/10 304/9/10
f 300/9/10 304/9/10 291/9/10
f 298/9/10 304/9/10 300/9/10
f 297/9/10 304/9/10 298/9/10
f 302/9/10 304/9/10 297/9/10
f 305/10/106 307/11/19 306/10/19
f 308/11/19 306/10/19 307/11/19
f 309/12/19 308/11/19 307/11/19
f 310/12/19 308/11/19 309/12/19
f 311/13/19 310/12/19 309/12/19
f 312/13/19 310/12/19 311/13/19
f 312/13/107 313/13/107 310/12/108
f 314/12/108 310/12/108 313/13/107
f 305/10/109 306/10/110 315/10/109
f 316/10/110 315/10/109 306/10/110
f 317/12/111 309/12/111 318/11/112
f 307/11/112 318/11/112 309/12/111
f 316/10/16 319/11/16 315/10/16
f 318/11/16 315/10/16 319/11/16
f 314/12/16 318/11/16 319/11/16
f 317/12/16 318/11/16 314/12/16
f 313/13/16 317/12/16 314/12/16
f 320/13/16 317/12/16 313/13/16
f 319/11/113 308/11/113 314/12/108
f 310/12/108 314/12/108 308/11/113
f 307/11/112 305/10/109 318/11/112
f 315/10/109 318/11/112 305/10/109
f 309/12/111 317/12/111 311/13/114
f 320/13/114 311/13/114 317/12/111
f 311/13/114 320/13/114 312/13/107
f 313/13/107 312/13/107 320/13/114
f 306/10/110 308/11/113 316/10/110
f 319/11/113 316/10/110 308/11/113
f 321/14/109 323/14/110 322/14/109
f 324/14/110 322/14/109 323/14/110
f 325/15/111 327/15/111 326/16/114
f 328/16/114 326/16/114 327/15/111
f 324/14/16 329/17/16 322/14/16
f 330/17/16 322/14/16 329/17/16
f 331/15/16 330/17/16 329/17/16
f 327/15/16 330/17/16 331/15/16
f 332/16/16 327/15/16 331/15/16
f 328/16/16 327/15/16 332/16/16
f 327/15/111 325/15/111 330/17/112
f 333/17/112 330/17/112 325/15/111
f 326/16/114 328/16/114 334/16/107
f 332/16/107 334/16/107 328/16/114
f 329/17/113 335/17/113 331/15/108
f 336/15/108 331/15/108 335/17/113
f 334/16/107 332/16/107 336/15/108
f 331/15/108 336/15/108 332/16/107
f 333/17/112 321/14/109 330/17/112
f 322/14/109 330/17/112 321/14/109
f 321/14/19 333/17/19 323/14/19
f 335/17/19 323/14/19 333/17/19
f 325/15/19 335/17/19 333/17/19
f 336/15/19 335/17/19 325/15/19
f 326/16/19 336/15/19 325/15/19
f 334/16/19 336/15/19 326/16/19
f 323/14/110 335/17/113 324/14/110
f 329/17/113 324/14/110 335/17/113
f 337/18/115 339/18/115 338/18/116
f 340/18/116 338/18/116 339/18/115
f 341/19/117 343/19/118 342/19/117
f 344/19/118 342/19/117 343/19/118
f 345/20/119 341/19/117 346/20/119
f 342/19/117 346/20/119 341/19/117
f 343/19/118 347/20/120 344/19/118
f 348/20/120 344/19/118 347/20/120
f 348/20/120 347/20/120 349/21/121
f 350/21/121 349/21/121 347/20/120
f 344/19/122 348/20/122 342/19/122
f 346/20/122 342/19/122 348/20/122
f 349/21/122 346/20/122 348/20/122
f 351/21/122 346/20/122 349/21/122
f 340/18/122 351/21/122 349/21/122
f 339/18/122 351/21/122 340/18/122
f 338/18/116 340/18/116 350/21/121
f 349/21/121 350/21/121 340/18/116
f 351/21/123 352/21/123 346/20/119
f 345/20/119 346/20/119 352/21/123
f 352/21/123 351/21/123 337/18/115
f 339/18/115 337/18/115 351/21/123
f 341/19/124 345/20/124 343/19/124
f 347/20/124 343/19/124 345/20/124
f 352/21/124 347/20/124 345/20/124
f 350/21/124 347/20/124 352/21/124
f 337/18/124 350/21/124 352/21/124
f 338/18/124 350/21/124 337/18/124
f 353/22/125 355/22/125 354/23/126
f 356/23/126 354/23/126 355/22/125
f 357/22/127 358/22/127 353/22/125
f 355/22/125 353/22/125 358/22/127
f 359/24/128 361/23/129 360/24/128
f 362/23/129 360/24/128 361/23/129
f 363/24/130 354/23/126 364/24/130
f 356/23/126 364/24/130 354/23/126
f 359/24/12 365/25/12 361/23/12
f 358/22/12 361/23/12 365/25/12
f 366/25/12 358/22/12 365/25/12
f 355/22/12 358/22/12 366/25/12
f 364/24/12 355/22/12 366/25/12
f 356/23/12 355/22/12 364/24/12
f 360/24/128 367/25/131 359/24/128
f 365/25/131 359/24/128 367/25/131
f 362/23/129 361/23/129 357/22/127
f 358/22/127 357/22/127 361/23/129
f 362/23/22 357/22/22 360/24/22
f 367/25/22 360/24/22 357/22/22
f 353/22/22 367/25/22 357/22/22
f 368/25/22 367/25/22 353/22/22
f 354/23/22 368/25/22 353/22/22
f 363/24/132 368/25/22 354/23/22
f 368/25/133 363/24/130 366/25/133
f 364/24/130 366/25/133 363/24/130
f 367/25/131 368/25/133 365/25/131
f 366/25/133 365/25/131 368/25/133
f 369/5/24 371/5/25 370/6/24
f 372/6/25 370/6/24 371/5/25
f 371/5/25 373/5/26 372/6/25
f 374/6/26 372/6/25 373/5/26
f 375/5/27 376/6/27 373/5/26
f 374/6/26 373/5/26 376/6/27
f 65/5/31 377/6/31 67/5/32
f 378/6/32 67/5/32 377/6/31
f 63/5/33 379/6/33 65/5/31
f 377/6/31 65/5/31 379/6/33
f 380/6/134 379/6/33 60/5/34
f 63/5/33 60/5/34 379/6/33
f 381/6/35 380/6/135 59/5/35
f 60/5/34 59/5/35 380/6/134
f 382/5/30 67/5/30 383/6/30
f 378/6/30 383/6/30 67/5/30
f 369/5/17 370/6/17 59/5/17
f 381/6/17 59/5/17 370/6/17
f 382/5/28 383/6/28 375/5/27
f 376/6/27 375/5/27 383/6/28
f 381/6/10 370/6/10 380/6/10
f 372/6/10 380/6/10 370/6/10
f 379/6/10 380/6/10 372/6/10
f 374/6/10 379/6/10 372/6/10
f 377/6/10 379/6/10 374/6/10
f 376/6/10 377/6/10 374/6/10
f 378/6/10 377/6/10 376/6/10
f 383/6/10 378/6/10 376/6/10
f 384/5/78 386/5/78 385/5/78
f 387/5/78 385/5/78 386/5/78
f 387/5/62 388/7/136 385/5/62
f 389/7/137 385/5/62 388/7/136
f 390/6/138 392/6/139 391/6/140
f 393/6/141 391/6/140 392/6/139
f 394/8/142 395/7/143 378/8/142
f 396/7/144 378/8/142 395/7/143
f 395/7/143 391/6/140 396/7/144
f 393/6/141 396/7/144 391/6/140
f 389/7/137 388/7/136 390/6/138
f 392/6/139 390/6/138 388/7/136
f 395/7/11 394/8/11 391/6/11
f 394/8/11 397/8/11 391/6/11
f 390/6/11 391/6/11 397/8/11
f 397/8/11 384/5/11 390/6/11
f 384/5/11 385/5/11 390/6/11
f 389/7/11 390/6/11 385/5/11
f 387/5/30 386/5/30 388/7/30
f 392/6/30 388/7/30 386/5/30
f 398/8/30 392/6/30 386/5/30
f 393/6/30 392/6/30 398/8/30
f 378/8/30 393/6/30 398/8/30
f 396/7/30 393/6/30 378/8/30
f 411/7/36 408/6/36 381/8/36
f 381/8/36 408/6/36 413/8/36
f 408/6/36 407/6/36 413/8/36
f 413/8/36 407/6/36 401/5/36
f 407/6/36 403/7/36 401/5/36
f 402/5/36 401/5/36 403/7/36
f 404/7/17 405/6/17 400/5/17
f 399/5/17 400/5/17 405/6/17
f 412/8/17 399/5/17 405/6/17
f 405/6/17 406/6/17 412/8/17
f 409/8/17 412/8/17 406/6/17
f 410/7/17 409/8/17 406/6/17
f 407/6/145 405/6/146 403/7/147
f 404/7/148 403/7/147 405/6/146
f 408/6/149 411/7/150 406/6/151
f 410/7/152 406/6/151 411/7/150
f 411/7/150 381/8/153 410/7/152
f 409/8/153 410/7/152 381/8/153
f 408/6/149 406/6/151 407/6/145
f 405/6/146 407/6/145 406/6/151
f 404/7/148 400/5/40 403/7/147
f 402/5/40 403/7/147 400/5/40
f 402/5/10 400/5/10 401/5/10
f 399/5/10 401/5/10 400/5/10
f 4/5/78 415/5/78 414/5/78
f 5/5/78 414/5/78 415/5/78
f 416/5/78 414/5/78 5/5/78
f 417/5/78 416/5/78 5/5/78
f 418/5/78 416/5/78 417/5/78
f 419/5/78 418/5/78 417/5/78
f 6/5/78 419/5/78 417/5/78
f 420/5/78 419/5/78 6/5/78
f 70/9/10 421/9/10 78/9/10
f 77/9/10 78/9/10 421/9/10
f 422/9/10 77/9/10 421/9/10
f 76/9/10 77/9/10 422/9/10
f 423/9/10 76/9/10 422/9/10
f 424/9/10 76/9/10 423/9/10
f 75/9/10 76/9/10 424/9/10
f 425/9/10 75/9/10 424/9/10
f 414/5/17 421/9/17 4/5/17
f 70/9/17 4/5/17 421/9/17
f 414/5/24 416/5/25 421/9/24
f 422/9/25 421/9/24 416/5/25
f 416/5/25 418/5/26 422/9/25
f 423/9/26 422/9/25 418/5/26
f 419/5/27 424/9/27 418/5/26
f 423/9/26 418/5/26 424/9/27
f 420/5/28 425/9/28 419/5/27
f 424/9/27 419/5/27 425/9/28
f 420/5/30 6/5/30 425/9/30
f 75/9/30 425/9/30 6/5/30
f 417/5/31 76/9/31 6/5/32
f 75/9/32 6/5/32 76/9/31
f 5/5/33 77/9/33 417/5/31
f 76/9/31 417/5/31 77/9/33
f 78/9/34 77/9/33 415/5/34
f 5/5/33 415/5/34 77/9/33
f 70/9/35 78/9/34 4/5/35
f 415/5/34 4/5/35 78/9/34
f 426/9/154 428/9/155 427/5/154
f 429/5/155 427/5/154 428/9/155
f 430/5/156 432/9/157 431/5/26
f 433/9/26 431/5/26 432/9/157
f 431/5/26 433/9/26 434/5/158
f 435/9/159 434/5/158 433/9/26
f 436/5/160 438/5/161 437/9/160
f 439/9/161 437/9/160 438/5/161
f 430/5/156 436/5/160 432/9/157
f 437/9/160 432/9/157 436/5/160
f 435/9/159 426/9/154 434/5/158
f 427/5/154 434/5/158 426/9/154
f 428/9/10 426/9/10 439/9/10
f 435/9/10 439/9/10 426/9/10
f 433/9/10 439/9/10 435/9/10
f 437/9/10 439/9/10 432/9/10
f 440/10/32 442/11/32 441/10/32
f 443/11/32 441/10/32 442/11/32
f 444/12/32 443/11/32 442/11/32
f 445/12/32 443/11/32 444/12/32
f 446/13/32 445/12/32 444/12/32
f 447/13/32 445/12/32 446/13/32
f 447/13/162 448/13/162 445/12/163
f 449/12/163 445/12/163 448/13/162
f 440/10/164 441/10/165 450/10/164
f 451/10/165 450/10/164 441/10/165
f 452/12/166 444/12/166 453/11/167
f 442/11/167 453/11/167 444/12/166
f 451/10/28 454/11/28 450/10/28
f 453/11/28 450/10/28 454/11/28
f 449/12/28 453/11/28 454/11/28
f 452/12/28 453/11/28 449/12/28
f 448/13/28 452/12/28 449/12/28
f 455/13/28 452/12/28 448/13/28
f 454/11/168 443/11/168 449/12/163
f 445/12/163 449/12/163 443/11/168
f 442/11/167 440/10/164 453/11/167
f 450/10/164 453/11/167 440/10/164
f 444/12/166 452/12/166 446/13/169
f 455/13/169 446/13/169 452/12/166
f 446/13/169 455/13/169 447/13/162
f 448/13/162 447/13/162 455/13/169
f 441/10/165 443/11/168 451/10/165
f 454/11/168 451/10/165 443/11/168
f 456/14/164 458/14/165 457/14/164
f 459/14/165 457/14/164 458/14/165
f 460/15/166 462/15/166 461/16/169
f 463/16/169 461/16/169 462/15/166
f 459/14/28 464/17/28 457/14/28
f 465/17/28 457/14/28 464/17/28
f 466/15/28 465/17/28 464/17/28
f 462/15/28 465/17/28 466/15/28
f 467/16/28 462/15/28 466/15/28
f 463/16/28 462/15/28 467/16/28
f 462/15/166 460/15/166 465/17/167
f 468/17/167 465/17/167 460/15/166
f 461/16/169 463/16/169 469/16/162
f 467/16/162 469/16/162 463/16/169
f 464/17/168 470/17/168 466/15/163
f 471/15/163 466/15/163 470/17/168
f 469/16/162 467/16/162 471/15/163
f 466/15/163 471/15/163 467/16/162
f 468/17/167 456/14/164 465/17/167
f 457/14/164 465/17/167 456/14/164
f 456/14/32 468/17/32 458/14/32
f 470/17/32 458/14/32 468/17/32
f 460/15/32 470/17/32 468/17/32
f 471/15/32 470/17/32 460/15/32
f 461/16/32 471/15/32 460/15/32
f 469/16/32 471/15/32 461/16/32
f 458/14/165 470/17/168 459/14/165
f 464/17/168 459/14/165 470/17/168
f 472/18/170 474/18/170 473/18/171
f 475/18/171 473/18/171 474/18/170
f 476/19/172 478/19/173 477/19/172
f 479/19/173 477/19/172 478/19/173
f 480/20/174 476/19/172 481/20/174
f 477/19/172 481/20/174 476/19/172
f 478/19/173 482/20/175 479/19/173
f 483/20/175 479/19/173 482/20/175
f 483/20/175 482/20/175 484/21/176
f 485/21/176 484/21/176 482/20/175
f 479/19/177 483/20/177 477/19/177
f 481/20/177 477/19/177 483/20/177
f 484/21/177 481/20/177 483/20/177
f 486/21/177 481/20/177 484/21/177
f 475/18/177 486/21/177 484/21/177
f 474/18/177 486/21/177 475/18/177
f 473/18/171 475/18/171 485/21/176
f 484/21/176 485/21/176 475/18/171
f 486/21/178 487/21/178 481/20/174
f 480/20/174 481/20/174 487/21/178
f 487/21/178 486/21/178 472/18/170
f 474/18/170 472/18/170 486/21/178
f 476/19/179 480/20/179 478/19/179
f 482/20/179 478/19/179 480/20/179
f 487/21/179 482/20/179 480/20/179
f 485/21/179 482/20/179 487/21/179
f 472/18/179 485/21/179 487/21/179
f 473/18/179 485/21/179 472/18/179
f 488/22/180 490/22/180 489/23/181
f 491/23/181 489/23/181 490/22/180
f 492/22/182 493/22/182 488/22/180
f 490/22/180 488/22/180 493/22/182
f 494/24/183 496/23/184 495/24/183
f 497/23/184 495/24/183 496/23/184
f 498/24/185 489/23/181 499/24/185
f 491/23/181 499/24/185 489/23/181
f 494/24/24 500/25/24 496/23/24
f 493/22/24 496/23/24 500/25/24
f 501/25/24 493/22/24 500/25/24
f 490/22/24 493/22/24 501/25/24
f 499/24/24 490/22/24 501/25/24
f 491/23/24 490/22/24 499/24/24
f 495/24/183 502/25/186 494/24/183
f 500/25/186 494/24/183 502/25/186
f 497/23/184 496/23/184 492/22/182
f 493/22/182 492/22/182 496/23/184
f 497/23/35 492/22/35 495/24/35
f 502/25/35 495/24/35 492/22/35
f 488/22/35 502/25/35 492/22/35
f 503/25/35 502/25/35 488/22/35
f 489/23/35 503/25/35 488/22/35
f 498/24/35 503/25/35 489/23/35
f 503/25/187 498/24/185 501/25/187
f 499/24/185 501/25/187 498/24/185
f 502/25/186 503/25/187 500/25/186
f 501/25/187 500/25/186 503/25/187
f 504/5/22 506/5/21 505/6/22
f 507/6/21 505/6/22 506/5/21
f 506/5/21 508/5/20 507/6/21
f 509/6/20 507/6/21 508/5/20
f 510/5/18 511/6/18 508/5/20
f 509/6/20 508/5/20 511/6/18
f 85/5/15 512/6/15 87/5/16
f 513/6/16 87/5/16 512/6/15
f 83/5/14 514/6/14 85/5/15
f 512/6/15 85/5/15 514/6/14
f 515/6/13 514/6/14 80/5/13
f 83/5/14 80/5/13 514/6/14
f 516/6/12 515/6/13 79/5/12
f 80/5/13 79/5/12 515/6/13
f 517/5/36 87/5/36 518/6/36
f 513/6/36 518/6/36 87/5/36
f 504/5/30 505/6/30 79/5/30
f 516/6/30 79/5/30 505/6/30
f 517/5/19 518/6/19 510/5/18
f 511/6/18 510/5/18 518/6/19
f 516/6/10 505/6/10 515/6/10
f 507/6/10 515/6/10 505/6/10
f 514/6/10 515/6/10 507/6/10
f 509/6/10 514/6/10 507/6/10
f 512/6/10 514/6/10 509/6/10
f 511/6/10 512/6/10 509/6/10
f 513/6/10 512/6/10 511/6/10
f 518/6/10 513/6/10 511/6/10
f 519/5/78 521/5/78 520/5/78
f 522/5/78 520/5/78 521/5/78
f 522/5/72 523/7/188 520/5/72
f 524/7/189 520/5/72 523/7/188
f 525/6/190 527/6/191 526/6/192
f 528/6/193 526/6/192 527/6/191
f 529/8/194 531/7/195 530/8/194
f 532/7/196 530/8/194 531/7/195
f 531/7/195 526/6/192 532/7/196
f 528/6/193 532/7/196 526/6/192
f 524/7/189 523/7/188 525/6/190
f 527/6/191 525/6/190 523/7/188
f 531/7/17 529/8/17 526/6/17
f 529/8/17 533/8/17 526/6/17
f 525/6/17 526/6/17 533/8/17
f 533/8/17 519/5/17 525/6/17
f 519/5/17 520/5/17 525/6/17
f 524/7/17 525/6/17 520/5/17
f 522/5/36 521/5/36 523/7/36
f 527/6/36 523/7/36 521/5/36
f 534/8/36 527/6/36 521/5/36
f 528/6/36 527/6/36 534/8/36
f 530/8/36 528/6/36 534/8/36
f 532/7/36 528/6/36 530/8/36
f 546/7/11 543/6/11 516/8/11
f 516/8/11 543/6/11 505/8/11
f 543/6/11 542/6/11 505/8/11
f 505/8/11 542/6/11 504/5/11
f 542/6/11 538/7/11 504/5/11
f 537/5/11 504/5/11 538/7/11
f 539/7/30 540/6/30 536/5/30
f 535/5/30 536/5/30 540/6/30
f 547/8/30 535/5/30 540/6/30
f 540/6/30 541/6/30 547/8/30
f 544/8/30 547/8/30 541/6/30
f 545/7/30 544/8/30 541/6/30
f 542/6/197 540/6/198 538/7/199
f 539/7/200 538/7/199 540/6/198
f 543/6/201 546/7/202 541/6/203
f 545/7/204 541/6/203 546/7/202
f 546/7/202 516/8/205 545/7/204
f 544/8/205 545/7/204 516/8/205
f 543/6/201 541/6/203 542/6/197
f 540/6/198 542/6/197 541/6/203
f 539/7/200 536/5/63 538/7/199
f 537/5/63 538/7/199 536/5/63
f 537/5/10 536/5/10 504/5/10
f 535/5/10 504/5/10 536/5/10
f 7/5/78 549/5/78 548/5/78
f 8/5/78 548/5/78 549/5/78
f 550/5/78 548/5/78 8/5/78
f 551/5/78 550/5/78 8/5/78
f 552/5/78 550/5/78 551/5/78
f 553/5/78 552/5/78 551/5/78
f 9/5/78 553/5/78 551/5/78
f 554/5/78 553/5/78 9/5/78
f 90/9/10 555/9/10 98/9/10
f 97/9/10 98/9/10 555/9/10
f 556/9/10 97/9/10 555/9/10
f 96/9/10 97/9/10 556/9/10
f 557/9/10 96/9/10 556/9/10
f 558/9/10 96/9/10 557/9/10
f 95/9/10 96/9/10 558/9/10
f 559/9/10 95/9/10 558/9/10
f 548/5/30 555/9/30 7/5/30
f 90/9/30 7/5/30 555/9/30
f 548/5/22 550/5/21 555/9/22
f 556/9/21 555/9/22 550/5/21
f 550/5/21 552/5/20 556/9/21
f 557/9/20 556/9/21 552/5/20
f 553/5/18 558/9/18 552/5/20
f 557/9/20 552/5/20 558/9/18
f 554/5/19 559/9/19 553/5/18
f 558/9/18 553/5/18 559/9/19
f 554/5/36 9/5/36 559/9/36
f 95/9/36 559/9/36 9/5/36
f 551/5/15 96/9/15 9/5/16
f 95/9/16 9/5/16 96/9/15
f 8/5/14 97/9/14 551/5/15
f 96/9/15 551/5/15 97/9/14
f 98/9/13 97/9/14 549/5/13
f 8/5/14 549/5/13 97/9/14
f 90/9/12 98/9/13 7/5/12
f 549/5/13 7/5/12 98/9/13
f 560/9/206 562/9/207 561/5/206
f 563/5/207 561/5/206 562/9/207
f 564/5/208 566/9/209 565/5/20
f 567/9/20 565/5/20 566/9/209
f 565/5/20 567/9/20 568/5/210
f 569/9/211 568/5/210 567/9/20
f 570/5/212 572/5/213 571/9/212
f 573/9/213 571/9/212 572/5/213
f 564/5/208 570/5/212 566/9/209
f 571/9/212 566/9/209 570/5/212
f 569/9/211 560/9/206 568/5/210
f 561/5/206 568/5/210 560/9/206
f 562/9/10 560/9/10 573/9/10
f 569/9/10 573/9/10 560/9/10
f 567/9/10 573/9/10 569/9/10
f 566/9/10 573/9/10 567/9/10
f 571/9/10 573/9/10 566/9/10
f 574/10/16 576/11/16 575/10/16
f 577/11/16 575/10/16 576/11/16
f 578/12/16 577/11/16 576/11/16
f 579/12/16 577/11/16 578/12/16
f 580/13/16 579/12/16 578/12/16
f 581/13/16 579/12/16 580/13/16
f 581/13/114 582/13/114 579/12/111
f 583/12/111 579/12/111 582/13/114
f 574/10/110 575/10/109 584/10/110
f 585/10/109 584/10/110 575/10/109
f 586/12/108 578/12/108 587/11/113
f 576/11/113 587/11/113 578/12/108
f 585/10/19 588/11/19 584/10/19
f 587/11/19 584/10/19 588/11/19
f 583/12/19 587/11/19 588/11/19
f 586/12/19 587/11/19 583/12/19
f 582/13/19 586/12/19 583/12/19
f 589/13/19 586/12/19 582/13/19
f 588/11/112 577/11/112 583/12/111
f 579/12/111 583/12/111 577/11/112
f 576/11/113 574/10/110 587/11/113
f 584/10/110 587/11/113 574/10/110
f 578/12/108 586/12/108 580/13/107
f 589/13/107 580/13/107 586/12/108
f 580/13/107 589/13/107 581/13/114
f 582/13/114 581/13/114 589/13/107
f 575/10/109 577/11/112 585/10/109
f 588/11/112 585/10/109 577/11/112
f 590/14/110 592/14/109 591/14/110
f 593/14/109 591/14/110 592/14/109
f 594/15/108 596/15/108 595/16/107
f 597/16/107 595/16/107 596/15/108
f 593/14/19 598/17/19 591/14/19
f 599/17/19 591/14/19 598/17/19
f 600/15/19 599/17/19 598/17/19
f 596/15/19 599/17/19 600/15/19
f 601/16/19 596/15/19 600/15/19
f 597/16/19 596/15/19 601/16/19
f 596/15/108 594/15/108 599/17/113
f 602/17/113 599/17/113 594/15/108
f 595/16/107 597/16/107 603/16/114
f 601/16/114 603/16/114 597/16/107
f 598/17/112 604/17/112 600/15/111
f 605/15/111 600/15/111 604/17/112
f 603/16/114 601/16/114 605/15/111
f 600/15/111 605/15/111 601/16/114
f 602/17/113 590/14/110 599/17/113
f 591/14/110 599/17/113 590/14/110
f 590/14/16 602/17/16 592/14/16
f 604/17/16 592/14/16 602/17/16
f 594/15/16 604/17/16 602/17/16
f 605/15/16 604/17/16 594/15/16
f 595/16/16 605/15/16 594/15/16
f 603/16/16 605/15/16 595/16/16
f 592/14/109 604/17/112 593/14/109
f 598/17/112 593/14/109 604/17/112
f 606/18/116 608/18/116 607/18/115
f 609/18/115 607/18/115 608/18/116
f 610/19/118 612/19/117 611/19/118
f 613/19/117 611/19/118 612/19/117
f 614/20/120 610/19/118 615/20/120
f 611/19/118 615/20/120 610/19/118
f 612/19/117 616/20/119 613/19/117
f 617/20/119 613/19/117 616/20/119
f 617/20/119 616/20/119 618/21/123
f 619/21/123 618/21/123 616/20/119
f 613/19/124 617/20/124 611/19/124
f 615/20/124 611/19/124 617/20/124
f 618/21/124 615/20/124 617/20/124
f 620/21/124 615/20/124 618/21/124
f 609/18/124 620/21/124 618/21/124
f 608/18/124 620/21/124 609/18/124
f 607/18/115 609/18/115 619/21/123
f 618/21/123 619/21/123 609/18/115
f 620/21/121 621/21/121 615/20/120
f 614/20/120 615/20/120 621/21/121
f 621/21/121 620/21/121 606/18/116
f 608/18/116 606/18/116 620/21/121
f 610/19/122 614/20/122 612/19/122
f 616/20/122 612/19/122 614/20/122
f 621/21/122 616/20/122 614/20/122
f 619/21/122 616/20/122 621/21/122
f 606/18/122 619/21/122 621/21/122
f 607/18/122 619/21/122 606/18/122
f 622/22/127 624/22/127 623/23/129
f 625/23/129 623/23/129 624/22/127
f 626/22/125 627/22/125 622/22/127
f 624/22/127 622/22/127 627/22/125
f 628/24/130 630/23/126 629/24/130
f 631/23/126 629/24/130 630/23/126
f 632/24/128 623/23/129 633/24/128
f 625/23/129 633/24/128 623/23/129
f 628/24/22 634/25/22 630/23/22
f 627/22/22 630/23/22 634/25/22
f 635/25/22 627/22/22 634/25/22
f 624/22/22 627/22/22 635/25/22
f 633/24/22 624/22/22 635/25/22
f 625/23/22 624/22/22 633/24/22
f 629/24/130 636/25/133 628/24/130
f 634/25/133 628/24/130 636/25/133
f 631/23/126 630/23/126 626/22/125
f 627/22/125 626/22/125 630/23/126
f 631/23/12 626/22/12 629/24/12
f 636/25/12 629/24/12 626/22/12
f 622/22/12 636/25/12 626/22/12
f 637/25/12 636/25/12 622/22/12
f 623/23/12 637/25/12 622/22/12
f 632/24/214 637/25/12 623/23/12
f 637/25/131 632/24/128 635/25/131
f 633/24/128 635/25/131 632/24/128
f 636/25/133 637/25/131 634/25/133
f 635/25/131 634/25/133 637/25/131
f 638/5/35 640/5/34 639/6/35
f 641/6/34 639/6/35 640/5/34
f 640/5/34 642/5/33 641/6/34
f 643/6/33 641/6/34 642/5/33
f 644/5/31 645/6/31 642/5/33
f 643/6/33 642/5/33 645/6/31
f 105/5/27 646/6/27 107/5/28
f 647/6/28 107/5/28 646/6/27
f 103/5/26 648/6/26 105/5/27
f 646/6/27 105/5/27 648/6/26
f 649/6/215 648/6/26 100/5/25
f 103/5/26 100/5/25 648/6/26
f 650/6/24 649/6/216 99/5/24
f 100/5/25 99/5/24 649/6/215
f 651/5/11 107/5/11 652/6/11
f 647/6/11 652/6/11 107/5/11
f 638/5/36 639/6/36 99/5/36
f 650/6/36 99/5/36 639/6/36
f 651/5/32 652/6/32 644/5/31
f 645/6/31 644/5/31 652/6/32
f 650/6/10 639/6/10 649/6/10
f 641/6/10 649/6/10 639/6/10
f 648/6/10 649/6/10 641/6/10
f 643/6/10 648/6/10 641/6/10
f 646/6/10 648/6/10 643/6/10
f 645/6/10 646/6/10 643/6/10
f 647/6/10 646/6/10 645/6/10
f 652/6/10 647/6/10 645/6/10
f 653/5/78 655/5/78 654/5/78
f 656/5/78 654/5/78 655/5/78
f 656/5/41 657/7/217 654/5/41
f 658/7/218 654/5/41 657/7/217
f 659/6/219 661/6/220 660/6/221
f 662/6/222 660/6/221 661/6/220
f 663/8/223 665/7/224 664/8/223
f 666/7/225 664/8/223 665/7/224
f 665/7/224 660/6/221 666/7/225
f 662/6/222 666/7/225 660/6/221
f 658/7/218 657/7/217 659/6/219
f 661/6/220 659/6/219 657/7/217
f 665/7/30 663/8/30 660/6/30
f 663/8/30 667/8/30 660/6/30
f 659/6/30 660/6/30 667/8/30
f 667/8/30 653/5/30 659/6/30
f 653/5/30 654/5/30 659/6/30
f 658/7/30 659/6/30 654/5/30
f 656/5/11 655/5/11 657/7/11
f 661/6/11 657/7/11 655/5/11
f 668/8/11 661/6/11 655/5/11
f 662/6/11 661/6/11 668/8/11
f 664/8/11 662/6/11 668/8/11
f 666/7/11 662/6/11 664/8/11
f 682/7/17 678/6/17 680/8/17
f 680/8/17 678/6/17 684/8/17
f 678/6/17 677/6/17 684/8/17
f 684/8/17 677/6/17 671/5/17
f 677/6/17 673/7/17 671/5/17
f 672/5/17 671/5/17 673/7/17
f 674/7/36 675/6/36 670/5/36
f 669/5/36 670/5/36 675/6/36
f 683/8/36 669/5/36 675/6/36
f 675/6/36 676/6/36 683/8/36
f 679/8/36 683/8/36 676/6/36
f 681/7/36 679/8/36 676/6/36
f 677/6/226 675/6/227 673/7/228
f 674/7/229 673/7/228 675/6/227
f 678/6/230 682/7/231 676/6/232
f 681/7/233 676/6/232 682/7/231
f 682/7/231 680/8/234 681/7/233
f 679/8/234 681/7/233 680/8/234
f 678/6/230 676/6/232 677/6/226
f 675/6/227 677/6/226 676/6/232
f 674/7/229 670/5/73 673/7/228
f 672/5/73 673/7/228 670/5/73
f 672/5/10 670/5/10 671/5/10
f 669/5/10 671/5/10 670/5/10
f 10/5/78 686/5/78 685/5/78
f 11/5/78 685/5/78 686/5/78
f 687/5/78 685/5/78 11/5/78
f 688/5/78 687/5/78 11/5/78
f 689/5/78 687/5/78 688/5/78
f 690/5/78 689/5/78 688/5/78
f 12/5/78 690/5/78 688/5/78
f 691/5/78 690/5/78 12/5/78
f 110/9/10 692/9/10 118/9/10
f 117/9/10 118/9/10 692/9/10
f 693/9/10 117/9/10 692/9/10
f 116/9/10 117/9/10 693/9/10
f 694/9/10 116/9/10 693/9/10
f 695/9/10 116/9/10 694/9/10
f 115/9/10 116/9/10 695/9/10
f 696/9/10 115/9/10 695/9/10
f 685/5/36 692/9/36 10/5/36
f 110/9/36 10/5/36 692/9/36
f 685/5/35 687/5/34 692/9/35
f 693/9/34 692/9/35 687/5/34
f 687/5/34 689/5/33 693/9/34
f 694/9/33 693/9/34 689/5/33
f 690/5/31 695/9/31 689/5/33
f 694/9/33 689/5/33 695/9/31
f 691/5/32 696/9/32 690/5/37
f 695/9/31 690/5/31 696/9/32
f 691/5/11 12/5/11 696/9/11
f 115/9/11 696/9/11 12/5/11
f 688/5/27 116/9/27 12/5/28
f 115/9/28 12/5/28 116/9/29
f 11/5/26 117/9/26 688/5/27
f 116/9/27 688/5/27 117/9/26
f 118/9/25 117/9/26 686/5/25
f 11/5/26 686/5/25 117/9/26
f 110/9/24 118/9/25 10/5/24
f 686/5/25 10/5/24 118/9/25
f 697/9/235 699/9/236 698/5/235
f 700/5/236 698/5/235 699/9/236
f 701/5/237 703/9/238 702/5/33
f 704/9/33 702/5/33 703/9/238
f 702/5/33 704/9/33 705/5/239
f 706/9/240 705/5/239 704/9/33
f 707/5/241 709/5/242 708/9/241
f 710/9/242 708/9/241 709/5/242
f 701/5/237 707/5/241 703/9/238
f 708/9/241 703/9/238 707/5/241
f 706/9/240 697/9/235 705/5/239
f 698/5/235 705/5/239 697/9/235
f 699/9/10 697/9/10 710/9/10
f 706/9/10 710/9/10 697/9/10
f 704/9/10 710/9/10 706/9/10
f 703/9/10 710/9/10 704/9/10
f 708/9/10 710/9/10 703/9/10
f 711/10/28 713/11/28 712/10/28
f 714/11/28 712/10/28 713/11/28
f 715/12/28 714/11/28 713/11/28
f 716/12/28 714/11/28 715/12/28
f 717/13/28 716/12/28 715/12/28
f 718/13/28 716/12/28 717/13/28
f 718/13/169 719/13/169 716/12/166
f 720/12/166 716/12/166 719/13/169
f 711/10/165 712/10/164 721/10/165
f 722/10/164 721/10/165 712/10/164
f 723/12/163 715/12/163 724/11/168
f 713/11/168 724/11/168 715/12/163
f 722/10/32 725/11/32 721/10/32
f 724/11/32 721/10/32 725/11/32
f 720/12/32 724/11/32 725/11/32
f 723/12/32 724/11/32 720/12/32
f 719/13/32 723/12/32 720/12/32
f 726/13/32 723/12/32 719/13/32
f 725/11/167 714/11/167 720/12/166
f 716/12/166 720/12/166 714/11/167
f 713/11/168 711/10/165 724/11/168
f 721/10/165 724/11/168 711/10/165
f 715/12/163 723/12/163 717/13/162
f 726/13/162 717/13/162 723/12/163
f 717/13/162 726/13/162 718/13/169
f 719/13/169 718/13/169 726/13/162
f 712/10/164 714/11/167 722/10/164
f 725/11/167 722/10/164 714/11/167
f 727/14/165 729/14/164 728/14/165
f 730/14/164 728/14/165 729/14/164
f 731/15/163 733/15/163 732/16/162
f 734/16/162 732/16/162 733/15/163
f 730/14/32 735/17/32 728/14/32
f 736/17/32 728/14/32 735/17/32
f 737/15/32 736/17/32 735/17/32
f 733/15/32 736/17/32 737/15/32
f 738/16/32 733/15/32 737/15/32
f 734/16/32 733/15/32 738/16/32
f 733/15/163 731/15/163 736/17/168
f 739/17/168 736/17/168 731/15/163
f 732/16/162 734/16/162 740/16/169
f 738/16/169 740/16/169 734/16/162
f 735/17/167 741/17/167 737/15/166
f 742/15/166 737/15/166 741/17/167
f 740/16/169 738/16/169 742/15/166
f 737/15/166 742/15/166 738/16/169
f 739/17/168 727/14/165 736/17/168
f 728/14/165 736/17/168 727/14/165
f 727/14/28 739/17/28 729/14/28
f 741/17/28 729/14/28 739/17/28
f 731/15/28 741/17/28 739/17/28
f 742/15/28 741/17/28 731/15/28
f 732/16/28 742/15/28 731/15/28
f 740/16/28 742/15/28 732/16/28
f 729/14/164 741/17/167 730/14/164
f 735/17/167 730/14/164 741/17/167
f 743/18/171 745/18/171 744/18/170
f 746/18/170 744/18/170 745/18/171
f 747/19/173 749/19/172 748/19/173
f 750/19/172 748/19/173 749/19/172
f 751/20/175 747/19/173 752/20/175
f 748/19/173 752/20/175 747/19/173
f 749/19/172 753/20/174 750/19/172
f 754/20/174 750/19/172 753/20/174
f 754/20/174 753/20/174 755/21/178
f 756/21/178 755/21/178 753/20/174
f 750/19/179 754/20/179 748/19/179
f 752/20/179 748/19/179 754/20/179
f 755/21/179 752/20/179 754/20/179
f 757/21/179 752/20/179 755/21/179
f 746/18/179 757/21/179 755/21/179
f 745/18/179 757/21/179 746/18/179
f 744/18/170 746/18/170 756/21/178
f 755/21/178 756/21/178 746/18/170
f 757/21/176 758/21/176 752/20/175
f 751/20/175 752/20/175 758/21/176
f 758/21/176 757/21/176 743/18/171
f 745/18/171 743/18/171 757/21/176
f 747/19/177 751/20/177 749/19/177
f 753/20/177 749/19/177 751/20/177
f 758/21/177 753/20/177 751/20/177
f 756/21/177 753/20/177 758/21/177
f 743/18/177 756/21/177 758/21/177
f 744/18/177 756/21/177 743/18/177
f 759/22/182 761/22/182 760/23/184
f 762/23/184 760/23/184 761/22/182
f 763/22/180 764/22/180 759/22/182
f 761/22/182 759/22/182 764/22/180
f 765/24/185 767/23/181 766/24/185
f 768/23/181 766/24/185 767/23/181
f 769/24/183 760/23/184 770/24/183
f 762/23/184 770/24/183 760/23/184
f 765/24/35 771/25/35 767/23/35
f 764/22/35 767/23/35 771/25/35
f 772/25/35 764/22/35 771/25/35
f 761/22/35 764/22/35 772/25/35
f 770/24/35 761/22/35 772/25/35
f 762/23/35 761/22/35 770/24/35
f 766/24/185 773/25/187 765/24/185
f 771/25/187 765/24/185 773/25/187
f 768/23/181 767/23/181 763/22/180
f 764/22/180 763/22/180 767/23/181
f 768/23/24 763/22/24 766/24/24
f 773/25/24 766/24/24 763/22/24
f 759/22/24 773/25/24 763/22/24
f 774/25/24 773/25/24 759/22/24
f 760/23/24 774/25/24 759/22/24
f 769/24/24 774/25/24 760/23/24
f 774/25/186 769/24/183 772/25/186
f 770/24/183 772/25/186 769/24/183
f 773/25/187 774/25/186 771/25/187
f 772/25/186 771/25/187 774/25/186
f 775/5/78 638/5/78 776/5/78
f 777/5/78 776/5/78 638/5/78
f 777/5/38 778/7/79 776/5/38
f 779/7/80 776/5/38 778/7/79
f 780/6/81 782/6/82 781/6/83
f 783/6/84 781/6/83 782/6/82
f 784/8/85 785/7/86 650/8/85
f 786/7/87 650/8/85 785/7/86
f 785/7/86 781/6/83 786/7/87
f 783/6/84 786/7/87 781/6/83
f 779/7/80 778/7/79 780/6/81
f 782/6/82 780/6/81 778/7/79
f 785/7/36 784/8/36 781/6/36
f 784/8/36 787/8/36 781/6/36
f 780/6/36 781/6/36 787/8/36
f 787/8/36 775/5/36 780/6/36
f 775/5/36 776/5/36 780/6/36
f 779/7/36 780/6/36 776/5/36
f 777/5/17 638/5/17 778/7/17
f 782/6/17 778/7/17 638/5/17
f 639/8/17 782/6/17 638/5/17
f 783/6/17 782/6/17 639/8/17
f 650/8/17 783/6/17 639/8/17
f 786/7/17 783/6/17 650/8/17
f 801/7/17 797/6/17 799/8/17
f 799/8/17 797/6/17 803/8/17
f 797/6/17 796/6/17 803/8/17
f 803/8/17 796/6/17 790/5/17
f 796/6/17 792/7/17 790/5/17
f 791/5/17 790/5/17 792/7/17
f 793/7/36 794/6/36 789/5/36
f 788/5/36 789/5/36 794/6/36
f 802/8/36 788/5/36 794/6/36
f 794/6/36 795/6/36 802/8/36
f 798/8/36 802/8/36 795/6/36
f 800/7/36 798/8/36 795/6/36
f 796/6/226 794/6/227 792/7/228
f 793/7/229 792/7/228 794/6/227
f 797/6/230 801/7/231 795/6/232
f 800/7/233 795/6/232 801/7/231
f 801/7/231 799/8/234 800/7/233
f 798/8/234 800/7/233 799/8/234
f 797/6/230 795/6/232 796/6/226
f 794/6/227 796/6/226 795/6/232
f 793/7/229 789/5/73 792/7/228
f 791/5/73 792/7/228 789/5/73
f 791/5/10 789/5/10 790/5/10
f 788/5/10 790/5/10 789/5/10
f 804/9/36 123/9/36 805/5/36
f 806/5/36 805/5/36 123/9/36
f 685/5/38 692/9/38 807/5/243
f 808/9/11 807/5/11 692/9/38
f 806/5/30 123/9/30 10/5/30
f 110/9/30 10/5/30 123/9/30
f 807/5/11 808/9/11 805/5/40
f 804/9/40 805/5/40 808/9/11
f 806/5/78 10/5/78 805/5/78
f 807/5/78 805/5/78 10/5/78
f 685/5/78 807/5/78 10/5/78
f 123/9/10 804/9/10 110/9/10
f 808/9/10 110/9/10 804/9/10
f 692/9/10 110/9/10 808/9/10
f 809/5/38 811/6/38 810/5/11
f 812/6/11 810/5/11 811/6/38
f 813/6/36 815/6/36 814/5/36
f 816/5/36 814/5/36 815/6/36
f 816/5/30 815/6/30 817/5/30
f 818/6/30 817/5/30 815/6/30
f 810/5/11 812/6/11 814/5/40
f 813/6/40 814/5/40 812/6/11
f 809/5/17 817/5/17 811/6/17
f 818/6/17 811/6/17 817/5/17
f 815/6/10 813/6/10 818/6/10
f 812/6/10 818/6/10 813/6/10
f 811/6/10 818/6/10 812/6/10
f 819/26/244 821/26/245 820/26/246
f 822/26/247 820/26/246 821/26/245
f 823/27/248 825/27/249 824/27/250
f 826/27/251 824/27/250 825/27/249
f 827/28/252 829/28/253 828/29/254
f 830/29/255 828/29/254 829/28/253
f 831/29/256 833/29/257 832/28/258
f 834/28/259 832/28/258 833/29/257
f 827/28/252 823/27/248 829/28/253
f 824/27/250 829/28/253 823/27/248
f 828/29/254 830/29/255 819/26/244
f 821/26/245 819/26/244 830/29/255
f 820/26/260 831/29/261 819/26/261
f 828/29/261 819/26/261 831/29/261
f 832/28/261 828/29/261 831/29/261
f 827/28/260 828/29/261 832/28/261
f 825/27/261 827/28/260 832/28/261
f 823/27/260 827/28/260 825/27/261
f 821/26/262 830/29/263 822/26/263
f 833/29/263 822/26/263 830/29/263
f 829/28/263 833/29/263 830/29/263
f 834/28/263 833/29/263 829/28/263
f 824/27/263 834/28/263 829/28/263
f 826/27/262 834/28/263 824/27/263
f 820/26/246 822/26/247 831/29/256
f 833/29/257 831/29/256 822/26/247
f 825/27/249 832/28/258 826/27/251
f 834/28/259 826/27/251 832/28/258
f 835/30/264 837/30/264 836/30/265
f 838/30/265 836/30/265 837/30/264
f 839/31/266 841/31/267 840/31/266
f 842/31/267 840/31/266 841/31/267
f 843/32/268 839/31/266 844/32/268
f 840/31/266 844/32/268 839/31/266
f 845/33/269 846/33/269 835/30/264
f 837/30/264 835/30/264 846/33/269
f 847/33/270 849/33/270 848/32/271
f 850/32/271 848/32/271 849/33/270
f 843/32/268 844/32/268 845/33/269
f 846/33/269 845/33/269 844/32/268
f 836/30/40 847/33/40 835/30/40
f 845/33/40 835/30/40 847/33/40
f 848/32/40 845/33/40 847/33/40
f 843/32/40 845/33/40 848/32/40
f 841/31/40 843/32/40 848/32/40
f 839/31/40 843/32/40 841/31/40
f 836/30/265 838/30/265 847/33/270
f 849/33/270 847/33/270 838/30/265
f 837/30/73 846/33/73 838/30/73
f 849/33/73 838/30/73 846/33/73
f 844/32/73 849/33/73 846/33/73
f 850/32/73 849/33/73 844/32/73
f 840/31/73 850/32/73 844/32/73
f 842/31/73 850/32/73 840/31/73
f 841/31/267 848/32/271 842/31/267
f 850/32/271 842/31/267 848/32/271
f 851/34/272 853/34/272 852/34/273
f 854/34/273 852/34/273 853/34/272
f 855/35/274 857/35/275 856/35/274
f 858/35/275 856/35/274 857/35/275
f 859/36/276 860/36/276 851/34/272
f 853/34/272 851/34/272 860/36/276
f 852/34/273 854/34/273 861/36/277
f 862/36/277 861/36/277 854/34/273
f 860/36/276 859/36/276 863/37/278
f 864/37/278 863/37/278 859/36/276
f 864/37/278 855/35/274 863/37/278
f 856/35/274 863/37/278 855/35/274
f 855/35/72 864/37/72 857/35/72
f 865/37/72 857/35/72 864/37/72
f 859/36/72 865/37/72 864/37/72
f 861/36/72 865/37/72 859/36/72
f 851/34/72 861/36/72 859/36/72
f 852/34/72 861/36/72 851/34/72
f 858/35/38 866/37/38 856/35/38
f 863/37/38 856/35/38 866/37/38
f 862/36/38 863/37/38 866/37/38
f 860/36/38 863/37/38 862/36/38
f 854/34/38 860/36/38 862/36/38
f 853/34/38 860/36/38 854/34/38
f 857/35/275 865/37/279 858/35/275
f 866/37/279 858/35/275 865/37/279
f 866/37/279 865/37/279 862/36/277
f 861/36/277 862/36/277 865/37/279
f 867/5/41 869/6/41 868/5/36
f 870/6/36 868/5/36 869/6/41
f 871/6/30 873/6/30 872/5/30
f 129/5/30 872/5/30 873/6/30
f 129/5/17 873/6/17 79/5/17
f 516/6/17 79/5/17 873/6/17
f 868/5/36 870/6/36 872/5/42
f 871/6/42 872/5/42 870/6/36
f 867/5/11 79/5/11 869/6/11
f 516/6/11 869/6/11 79/5/11
f 873/6/10 871/6/10 516/6/10
f 870/6/10 516/6/10 871/6/10
f 869/6/10 516/6/10 870/6/10
f 885/7/11 882/6/11 873/8/11
f 873/8/11 882/6/11 871/8/11
f 882/6/11 881/6/11 871/8/11
f 871/8/11 881/6/11 872/5/11
f 881/6/11 877/7/11 872/5/11
f 876/5/11 872/5/11 877/7/11
f 878/7/30 879/6/30 875/5/30
f 874/5/30 875/5/30 879/6/30
f 886/8/30 874/5/30 879/6/30
f 879/6/30 880/6/30 886/8/30
f 883/8/30 886/8/30 880/6/30
f 884/7/30 883/8/30 880/6/30
f 881/6/280 879/6/281 877/7/199
f 878/7/200 877/7/199 879/6/281
f 882/6/201 885/7/202 880/6/203
f 884/7/204 880/6/203 885/7/202
f 885/7/202 873/8/205 884/7/204
f 883/8/205 884/7/204 873/8/205
f 882/6/201 880/6/203 881/6/280
f 879/6/281 881/6/280 880/6/203
f 878/7/200 875/5/63 877/7/199
f 876/5/63 877/7/199 875/5/63
f 876/5/10 875/5/10 872/5/10
f 874/5/10 872/5/10 875/5/10
f 887/5/78 889/5/78 888/5/78
f 890/5/78 888/5/78 889/5/78
f 890/5/41 891/7/217 888/5/41
f 892/7/218 888/5/41 891/7/217
f 893/6/282 895/6/220 894/6/221
f 896/6/222 894/6/221 895/6/220
f 897/8/223 899/7/224 898/8/223
f 900/7/225 898/8/223 899/7/224
f 899/7/224 894/6/221 900/7/225
f 896/6/222 900/7/225 894/6/221
f 892/7/218 891/7/217 893/6/282
f 895/6/220 893/6/282 891/7/217
f 899/7/30 897/8/30 894/6/30
f 897/8/30 901/8/30 894/6/30
f 893/6/30 894/6/30 901/8/30
f 901/8/30 887/5/30 893/6/30
f 887/5/30 888/5/30 893/6/30
f 892/7/30 893/6/30 888/5/30
f 890/5/11 889/5/11 891/7/11
f 895/6/11 891/7/11 889/5/11
f 902/8/11 895/6/11 889/5/11
f 896/6/11 895/6/11 902/8/11
f 898/8/11 896/6/11 902/8/11
f 900/7/11 896/6/11 898/8/11
f 903/5/36 905/9/36 904/5/283
f 906/9/283 904/5/283 905/9/36
f 907/9/284 909/9/285 908/5/284
f 910/5/285 908/5/284 909/9/285
f 904/5/283 906/9/283 908/5/284
f 907/9/284 908/5/284 906/9/283
f 911/5/286 912/9/286 903/5/36
f 905/9/36 903/5/36 912/9/286
f 909/9/10 907/9/10 913/9/10
f 906/9/10 913/9/10 907/9/10
f 905/9/10 913/9/10 906/9/10
f 912/9/10 913/9/10 905/9/10
f 914/9/10 913/9/10 912/9/10
f 915/5/287 916/5/288 914/9/287
f 913/9/288 914/9/287 916/5/288
f 911/5/286 915/5/287 912/9/286
f 914/9/287 912/9/286 915/5/287
f 917/9/30 131/9/30 918/5/30
f 919/5/30 918/5/30 131/9/30
f 920/5/41 555/9/41 921/5/36
f 922/9/36 921/5/36 555/9/41
f 919/5/17 131/9/17 923/5/17
f 90/9/17 923/5/17 131/9/17
f 921/5/36 922/9/36 918/5/42
f 917/9/42 918/5/42 922/9/36
f 919/5/78 923/5/78 918/5/78
f 921/5/78 918/5/78 923/5/78
f 920/5/78 921/5/78 923/5/78
f 131/9/10 917/9/10 90/9/10
f 922/9/10 90/9/10 917/9/10
f 555/9/10 90/9/10 922/9/10
f 920/5/11 923/5/11 555/9/11
f 90/9/11 555/9/11 923/5/11
f 924/38/289 926/39/290 925/38/289
f 927/39/290 925/38/289 926/39/290
f 928/40/291 930/40/291 929/41/292
f 931/41/292 929/41/292 930/40/291
f 932/39/41 933/38/41 927/39/41
f 925/38/41 927/39/41 933/38/41
f 934/40/41 925/38/41 933/38/41
f 930/40/41 925/38/41 934/40/41
f 935/41/41 930/40/41 934/40/41
f 931/41/41 930/40/41 935/41/41
f 929/41/292 931/41/292 936/41/293
f 935/41/293 936/41/293 931/41/292
f 937/39/294 938/38/295 932/39/294
f 933/38/295 932/39/294 938/38/295
f 926/39/62 924/38/62 937/39/62
f 938/38/62 937/39/62 924/38/62
f 928/40/62 938/38/62 924/38/62
f 939/40/62 938/38/62 928/40/62
f 929/41/62 939/40/62 928/40/62
f 936/41/62 939/40/62 929/41/62
f 936/41/293 935/41/293 939/40/296
f 934/40/296 939/40/296 935/41/293
f 926/39/290 937/39/294 927/39/290
f 932/39/294 927/39/290 937/39/294
f 930/40/291 928/40/291 925/38/289
f 924/38/289 925/38/289 928/40/291
f 933/38/295 938/38/295 934/40/296
f 939/40/296 934/40/296 938/38/295
f 940/42/294 942/43/295 941/42/294
f 943/43/295 941/42/294 942/43/295
f 944/42/62 945/43/62 940/42/62
f 942/43/62 940/42/62 945/43/62
f 946/44/62 942/43/62 945/43/62
f 947/44/62 942/43/62 946/44/62
f 948/45/62 947/44/62 946/44/62
f 949/45/62 947/44/62 948/45/62
f 944/42/290 940/42/294 950/42/290
f 941/42/294 950/42/290 940/42/294
f 945/43/289 944/42/290 951/43/289
f 950/42/290 951/43/289 944/42/290
f 948/45/292 952/45/292 949/45/293
f 953/45/293 949/45/293 952/45/292
f 954/44/291 946/44/291 951/43/289
f 945/43/289 951/43/289 946/44/291
f 949/45/293 953/45/293 947/44/296
f 955/44/296 947/44/296 953/45/293
f 943/43/295 942/43/295 955/44/296
f 947/44/296 955/44/296 942/43/295
f 946/44/291 954/44/291 948/45/292
f 952/45/292 948/45/292 954/44/291
f 941/42/41 943/43/41 950/42/41
f 951/43/41 950/42/41 943/43/41
f 955/44/41 951/43/41 943/43/41
f 954/44/41 951/43/41 955/44/41
f 953/45/41 954/44/41 955/44/41
f 952/45/41 954/44/41 953/45/41
f 956/46/297 958/46/297 957/47/298
f 959/47/298 957/47/298 958/46/297
f 960/46/299 962/46/299 961/48/300
f 963/48/300 961/48/300 962/46/299
f 964/49/301 961/48/300 965/49/301
f 963/48/300 965/49/301 961/48/300
f 966/47/42 960/46/42 957/47/42
f 956/46/42 957/47/42 960/46/42
f 961/48/42 956/46/42 960/46/42
f 967/48/42 956/46/42 961/48/42
f 964/49/42 967/48/42 961/48/42
f 968/49/42 967/48/42 964/49/42
f 957/47/298 959/47/298 966/47/302
f 969/47/302 966/47/302 959/47/298
f 959/47/63 958/46/63 969/47/63
f 962/46/63 969/47/63 958/46/63
f 970/48/63 962/46/63 958/46/63
f 963/48/63 962/46/63 970/48/63
f 971/49/63 963/48/63 970/48/63
f 965/49/63 963/48/63 971/49/63
f 968/49/303 964/49/301 971/49/303
f 965/49/301 971/49/303 964/49/301
f 966/47/302 969/47/302 960/46/299
f 962/46/299 960/46/299 969/47/302
f 967/48/304 968/49/303 970/48/304
f 971/49/303 970/48/304 968/49/303
f 967/48/304 970/48/304 956/46/297
f 958/46/297 956/46/297 970/48/304
f 972/6/30 974/6/30 973/5/30
f 134/5/30 973/5/30 974/6/30
f 134/5/17 974/6/17 975/5/17
f 976/6/17 975/5/17 974/6/17
f 973/5/48 977/5/47 972/6/48
f 978/6/47 972/6/48 977/5/47
f 979/5/43 975/5/44 980/6/305
f 976/6/44 980/6/46 975/5/44
f 972/6/10 978/6/10 974/6/10
f 976/6/10 974/6/10 978/6/10
f 980/6/10 976/6/10 978/6/10
f 979/5/43 980/6/305 977/5/47
f 978/6/47 977/5/47 980/6/305
f 981/5/17 139/9/17 982/5/17
f 983/9/17 982/5/17 139/9/17
f 984/9/30 139/9/30 985/5/30
f 981/5/30 985/5/30 139/9/30
f 984/9/10 986/9/10 139/9/10
f 983/9/10 139/9/10 986/9/10
f 987/9/10 983/9/10 986/9/10
f 981/5/78 982/5/78 985/5/78
f 988/5/78 985/5/78 982/5/78
f 989/5/78 988/5/78 982/5/78
f 989/5/43 982/5/44 987/9/43
f 983/9/44 987/9/43 982/5/44
f 989/5/43 987/9/43 988/5/47
f 986/9/47 988/5/47 987/9/43
f 985/5/48 988/5/47 984/9/48
f 986/9/47 984/9/48 988/5/47
f 990/6/36 992/6/36 991/5/36
f 144/5/36 991/5/36 992/6/36
f 144/5/30 992/6/30 993/5/30
f 994/6/30 993/5/30 992/6/30
f 991/5/52 995/5/51 990/6/52
f 996/6/51 990/6/52 995/5/51
f 997/5/49 993/5/50 998/6/49
f 994/6/50 998/6/49 993/5/50
f 990/6/10 996/6/10 992/6/10
f 994/6/10 992/6/10 996/6/10
f 998/6/10 994/6/10 996/6/10
f 997/5/49 998/6/49 995/5/51
f 996/6/51 995/5/51 998/6/49
f 999/5/30 149/9/30 1000/5/30
f 1001/9/30 1000/5/30 149/9/30
f 1002/9/36 149/9/36 1003/5/36
f 999/5/36 1003/5/36 149/9/36
f 1002/9/10 1004/9/10 149/9/10
f 1001/9/10 149/9/10 1004/9/10
f 1005/9/10 1001/9/10 1004/9/10
f 999/5/78 1000/5/78 1003/5/78
f 1006/5/78 1003/5/78 1000/5/78
f 1007/5/78 1006/5/78 1000/5/78
f 1007/5/49 1000/5/50 1005/9/49
f 1001/9/50 1005/9/49 1000/5/50
f 1007/5/49 1005/9/49 1006/5/51
f 1004/9/51 1006/5/51 1005/9/49
f 1003/5/52 1006/5/51 1002/9/52
f 1004/9/51 1002/9/52 1006/5/51
f 1008/6/30 1010/6/30 1009/5/30
f 1011/5/30 1009/5/30 1010/6/30
f 1011/5/17 1010/6/17 1012/5/17
f 1013/6/17 1012/5/17 1010/6/17
f 1009/5/48 1014/5/47 1008/6/48
f 1015/6/47 1008/6/48 1014/5/47
f 1016/5/43 1012/5/44 1017/6/306
f 1013/6/44 1017/6/46 1012/5/44
f 1008/6/10 1015/6/10 1010/6/10
f 1013/6/10 1010/6/10 1015/6/10
f 1017/6/10 1013/6/10 1015/6/10
f 1016/5/43 1017/6/306 1014/5/47
f 1015/6/47 1014/5/47 1017/6/306
f 1018/5/17 1020/9/17 1019/5/17
f 1021/9/17 1019/5/17 1020/9/17
f 1022/9/30 1020/9/30 1023/5/30
f 1018/5/30 1023/5/30 1020/9/30
f 1022/9/10 1024/9/10 1020/9/10
f 1021/9/10 1020/9/10 1024/9/10
f 1025/9/10 1021/9/10 1024/9/10
f 1018/5/78 1019/5/78 1023/5/78
f 1026/5/78 1023/5/78 1019/5/78
f 1027/5/78 1026/5/78 1019/5/78
f 1027/5/43 1019/5/44 1025/9/43
f 1021/9/44 1025/9/43 1019/5/44
f 1027/5/43 1025/9/43 1026/5/47
f 1024/9/47 1026/5/47 1025/9/43
f 1023/5/48 1026/5/47 1022/9/48
f 1024/9/47 1022/9/48 1026/5/47
f 1028/6/11 1030/6/11 1029/5/11
f 160/5/11 1029/5/11 1030/6/11
f 160/5/36 1030/6/36 1031/5/36
f 1032/6/36 1031/5/36 1030/6/36
f 1029/5/58 1033/5/57 1028/6/58
f 1034/6/57 1028/6/58 1033/5/57
f 1035/5/53 1031/5/54 1036/6/307
f 1032/6/54 1036/6/56 1031/5/54
f 1028/6/10 1034/6/10 1030/6/10
f 1032/6/10 1030/6/10 1034/6/10
f 1036/6/10 1032/6/10 1034/6/10
f 1035/5/53 1036/6/307 1033/5/57
f 1034/6/57 1033/5/57 1036/6/307
f 1037/5/36 165/9/36 1038/5/36
f 1039/9/36 1038/5/36 165/9/36
f 1040/9/11 165/9/11 1041/5/11
f 1037/5/11 1041/5/11 165/9/11
f 1040/9/10 1042/9/10 165/9/10
f 1039/9/10 165/9/10 1042/9/10
f 1043/9/10 1039/9/10 1042/9/10
f 1037/5/78 1038/5/78 1041/5/78
f 1044/5/78 1041/5/78 1038/5/78
f 1045/5/78 1044/5/78 1038/5/78
f 1045/5/53 1038/5/54 1043/9/53
f 1039/9/54 1043/9/53 1038/5/54
f 1045/5/53 1043/9/53 1044/5/57
f 1042/9/57 1044/5/57 1043/9/53
f 1041/5/58 1044/5/57 1040/9/58
f 1042/9/57 1040/9/58 1044/5/57
f 1046/6/11 1048/6/11 1047/5/11
f 1049/5/11 1047/5/11 1048/6/11
f 1049/5/36 1048/6/36 1050/5/36
f 1051/6/36 1050/5/36 1048/6/36
f 1047/5/58 1052/5/57 1046/6/58
f 1053/6/57 1046/6/58 1052/5/57
f 1054/5/53 1050/5/54 1055/6/308
f 1051/6/54 1055/6/56 1050/5/54
f 1046/6/10 1053/6/10 1048/6/10
f 1051/6/10 1048/6/10 1053/6/10
f 1055/6/10 1051/6/10 1053/6/10
f 1054/5/53 1055/6/308 1052/5/57
f 1053/6/57 1052/5/57 1055/6/308
f 1056/5/36 1058/9/36 1057/5/36
f 1059/9/36 1057/5/36 1058/9/36
f 1060/9/11 1058/9/11 1061/5/11
f 1056/5/11 1061/5/11 1058/9/11
f 1060/9/10 1062/9/10 1058/9/10
f 1059/9/10 1058/9/10 1062/9/10
f 1063/9/10 1059/9/10 1062/9/10
f 1056/5/78 1057/5/78 1061/5/78
f 1064/5/78 1061/5/78 1057/5/78
f 1065/5/78 1064/5/78 1057/5/78
f 1065/5/53 1057/5/54 1063/9/53
f 1059/9/54 1063/9/53 1057/5/54
f 1065/5/53 1063/9/53 1064/5/57
f 1062/9/57 1064/5/57 1063/9/53
f 1061/5/58 1064/5/57 1060/9/58
f 1062/9/57 1060/9/58 1064/5/57
f 1066/6/36 1068/6/36 1067/5/36
f 221/5/36 1067/5/36 1068/6/36
f 221/5/30 1068/6/30 1069/5/30
f 1070/6/30 1069/5/30 1068/6/30
f 1067/5/52 1071/5/51 1066/6/52
f 1072/6/51 1066/6/52 1071/5/51
f 1073/5/49 1069/5/50 1074/6/309
f 1070/6/50 1074/6/60 1069/5/50
f 1066/6/10 1072/6/10 1068/6/10
f 1070/6/10 1068/6/10 1072/6/10
f 1074/6/10 1070/6/10 1072/6/10
f 1073/5/49 1074/6/309 1071/5/51
f 1072/6/51 1071/5/51 1074/6/309
f 1075/5/30 1077/9/30 1076/5/30
f 1078/9/30 1076/5/30 1077/9/30
f 1079/9/36 1077/9/36 1080/5/36
f 1075/5/36 1080/5/36 1077/9/36
f 1079/9/10 1081/9/10 1077/9/10
f 1078/9/10 1077/9/10 1081/9/10
f 1082/9/10 1078/9/10 1081/9/10
f 1075/5/78 1076/5/78 1080/5/78
f 1083/5/78 1080/5/78 1076/5/78
f 1084/5/78 1083/5/78 1076/5/78
f 1084/5/49 1076/5/50 1082/9/49
f 1078/9/50 1082/9/49 1076/5/50
f 1084/5/49 1082/9/49 1083/5/51
f 1081/9/51 1083/5/51 1082/9/49
f 1080/5/52 1083/5/51 1079/9/52
f 1081/9/51 1079/9/52 1083/5/51
f 1085/5/41 1087/6/41 1086/5/36
f 1088/6/36 1086/5/36 1087/6/41
f 1089/6/30 647/6/30 1090/5/30
f 107/5/30 1090/5/30 647/6/30
f 107/5/17 647/6/17 134/5/17
f 974/6/17 134/5/17 647/6/17
f 1086/5/36 1088/6/36 1090/5/42
f 1089/6/42 1090/5/42 1088/6/36
f 1085/5/11 134/5/11 1087/6/11
f 974/6/11 1087/6/11 134/5/11
f 647/6/10 1089/6/10 974/6/10
f 1088/6/10 974/6/10 1089/6/10
f 1087/6/10 974/6/10 1088/6/10
f 1102/7/11 1099/6/11 647/8/11
f 647/8/11 1099/6/11 1089/8/11
f 1099/6/11 1098/6/11 1089/8/11
f 1089/8/11 1098/6/11 1090/5/11
f 1098/6/11 1094/7/11 1090/5/11
f 1093/5/11 1090/5/11 1094/7/11
f 1095/7/30 1096/6/30 1092/5/30
f 1091/5/30 1092/5/30 1096/6/30
f 1103/8/30 1091/5/30 1096/6/30
f 1096/6/30 1097/6/30 1103/8/30
f 1100/8/30 1103/8/30 1097/6/30
f 1101/7/30 1100/8/30 1097/6/30
f 1098/6/280 1096/6/281 1094/7/199
f 1095/7/200 1094/7/199 1096/6/281
f 1099/6/201 1102/7/202 1097/6/203
f 1101/7/204 1097/6/203 1102/7/202
f 1102/7/202 647/8/205 1101/7/204
f 1100/8/205 1101/7/204 647/8/205
f 1099/6/201 1097/6/203 1098/6/280
f 1096/6/281 1098/6/280 1097/6/203
f 1095/7/200 1092/5/63 1094/7/199
f 1093/5/63 1094/7/199 1092/5/63
f 1093/5/10 1092/5/10 1090/5/10
f 1091/5/10 1090/5/10 1092/5/10
f 1104/5/78 1106/5/78 1105/5/78
f 1107/5/78 1105/5/78 1106/5/78
f 1107/5/41 1108/7/217 1105/5/41
f 1109/7/218 1105/5/41 1108/7/217
f 1110/6/282 1112/6/220 1111/6/221
f 1113/6/222 1111/6/221 1112/6/220
f 1114/8/223 1116/7/224 1115/8/223
f 1117/7/225 1115/8/223 1116/7/224
f 1116/7/224 1111/6/221 1117/7/225
f 1113/6/222 1117/7/225 1111/6/221
f 1109/7/218 1108/7/217 1110/6/282
f 1112/6/220 1110/6/282 1108/7/217
f 1116/7/30 1114/8/30 1111/6/30
f 1114/8/30 1118/8/30 1111/6/30
f 1110/6/30 1111/6/30 1118/8/30
f 1118/8/30 1104/5/30 1110/6/30
f 1104/5/30 1105/5/30 1110/6/30
f 1109/7/30 1110/6/30 1105/5/30
f 1107/5/11 1106/5/11 1108/7/11
f 1112/6/11 1108/7/11 1106/5/11
f 1119/8/11 1112/6/11 1106/5/11
f 1113/6/11 1112/6/11 1119/8/11
f 1115/8/11 1113/6/11 1119/8/11
f 1117/7/11 1113/6/11 1115/8/11
f 1120/5/36 1122/9/36 1121/5/283
f 1123/9/283 1121/5/283 1122/9/36
f 1124/9/284 1126/9/285 1125/5/284
f 1127/5/285 1125/5/284 1126/9/285
f 1121/5/283 1123/9/283 1125/5/284
f 1124/9/284 1125/5/284 1123/9/283
f 1128/5/286 1129/9/286 1120/5/36
f 1122/9/36 1120/5/36 1129/9/286
f 1126/9/10 1124/9/10 1130/9/10
f 1123/9/10 1130/9/10 1124/9/10
f 1122/9/10 1130/9/10 1123/9/10
f 1129/9/10 1130/9/10 1122/9/10
f 1131/9/10 1130/9/10 1129/9/10
f 1132/5/287 1133/5/288 1131/9/287
f 1130/9/288 1131/9/287 1133/5/288
f 1128/5/286 1132/5/287 1129/9/286
f 1131/9/287 1129/9/286 1132/5/287
f 696/9/30 115/9/30 691/5/30
f 12/5/30 691/5/30 115/9/30
f 1134/5/41 984/9/41 1135/5/36
f 1136/9/36 1135/5/36 984/9/41
f 12/5/17 115/9/17 13/5/17
f 139/9/17 13/5/17 115/9/17
f 1135/5/36 1136/9/36 691/5/42
f 696/9/42 691/5/42 1136/9/310
f 12/5/78 13/5/78 691/5/78
f 1135/5/78 691/5/78 13/5/78
f 1134/5/78 1135/5/78 13/5/78
f 115/9/10 696/9/10 139/9/10
f 1136/9/10 139/9/10 696/9/10
f 984/9/10 139/9/10 1136/9/10
f 1134/5/11 13/5/11 984/9/11
f 139/9/11 984/9/11 13/5/11
f 1137/38/289 1139/39/290 1138/38/289
f 1140/39/290 1138/38/289 1139/39/290
f 1141/40/291 1143/40/291 1142/41/292
f 1144/41/292 1142/41/292 1143/40/291
f 1145/39/41 1146/38/41 1140/39/41
f 1138/38/41 1140/39/41 1146/38/41
f 1147/40/41 1138/38/41 1146/38/41
f 1143/40/41 1138/38/41 1147/40/41
f 1148/41/41 1143/40/41 1147/40/41
f 1144/41/41 1143/40/41 1148/41/41
f 1142/41/292 1144/41/292 1149/41/293
f 1148/41/293 1149/41/293 1144/41/292
f 1150/39/294 1151/38/295 1145/39/294
f 1146/38/295 1145/39/294 1151/38/295
f 1139/39/62 1137/38/62 1150/39/62
f 1151/38/62 1150/39/62 1137/38/62
f 1141/40/62 1151/38/62 1137/38/62
f 1152/40/62 1151/38/62 1141/40/62
f 1142/41/62 1152/40/62 1141/40/62
f 1149/41/62 1152/40/62 1142/41/62
f 1149/41/293 1148/41/293 1152/40/296
f 1147/40/296 1152/40/296 1148/41/293
f 1139/39/290 1150/39/294 1140/39/290
f 1145/39/294 1140/39/290 1150/39/294
f 1143/40/291 1141/40/291 1138/38/289
f 1137/38/289 1138/38/289 1141/40/291
f 1146/38/295 1151/38/295 1147/40/296
f 1152/40/296 1147/40/296 1151/38/295
f 1153/42/294 1155/43/295 1154/42/294
f 1156/43/295 1154/42/294 1155/43/295
f 1157/42/62 1158/43/62 1153/42/62
f 1155/43/62 1153/42/62 1158/43/62
f 1159/44/62 1155/43/62 1158/43/62
f 1160/44/62 1155/43/62 1159/44/62
f 1161/45/62 1160/44/62 1159/44/62
f 1162/45/62 1160/44/62 1161/45/62
f 1157/42/290 1153/42/294 1163/42/290
f 1154/42/294 1163/42/290 1153/42/294
f 1158/43/289 1157/42/290 1164/43/289
f 1163/42/290 1164/43/289 1157/42/290
f 1161/45/292 1165/45/292 1162/45/293
f 1166/45/293 1162/45/293 1165/45/292
f 1167/44/291 1159/44/291 1164/43/289
f 1158/43/289 1164/43/289 1159/44/291
f 1162/45/293 1166/45/293 1160/44/296
f 1168/44/296 1160/44/296 1166/45/293
f 1156/43/295 1155/43/295 1168/44/296
f 1160/44/296 1168/44/296 1155/43/295
f 1159/44/291 1167/44/291 1161/45/292
f 1165/45/292 1161/45/292 1167/44/291
f 1154/42/41 1156/43/41 1163/42/41
f 1164/43/41 1163/42/41 1156/43/41
f 1168/44/41 1164/43/41 1156/43/41
f 1167/44/41 1164/43/41 1168/44/41
f 1166/45/41 1167/44/41 1168/44/41
f 1165/45/41 1167/44/41 1166/45/41
f 1169/46/297 1171/46/297 1170/47/298
f 1172/47/298 1170/47/298 1171/46/297
f 1173/46/299 1175/46/299 1174/48/300
f 1176/48/300 1174/48/300 1175/46/299
f 1177/49/301 1174/48/300 1178/49/301
f 1176/48/300 1178/49/301 1174/48/300
f 1179/47/42 1173/46/42 1170/47/42
f 1169/46/42 1170/47/42 1173/46/42
f 1174/48/42 1169/46/42 1173/46/42
f 1180/48/42 1169/46/42 1174/48/42
f 1177/49/42 1180/48/42 1174/48/42
f 1181/49/42 1180/48/42 1177/49/42
f 1170/47/298 1172/47/298 1179/47/302
f 1182/47/302 1179/47/302 1172/47/298
f 1172/47/63 1171/46/63 1182/47/63
f 1175/46/63 1182/47/63 1171/46/63
f 1183/48/63 1175/46/63 1171/46/63
f 1176/48/63 1175/46/63 1183/48/63
f 1184/49/63 1176/48/63 1183/48/63
f 1178/49/63 1176/48/63 1184/49/63
f 1181/49/303 1177/49/301 1184/49/303
f 1178/49/301 1184/49/303 1177/49/301
f 1179/47/302 1182/47/302 1173/46/299
f 1175/46/299 1173/46/299 1182/47/302
f 1180/48/304 1181/49/303 1183/48/304
f 1184/49/303 1183/48/304 1181/49/303
f 1180/48/304 1183/48/304 1169/46/297
f 1171/46/297 1169/46/297 1183/48/304
f 265/5/62 278/6/62 1185/5/64
f 1186/6/17 1185/5/17 278/6/62
f 144/5/36 992/6/36 195/5/36
f 274/6/36 195/5/36 992/6/36
f 1185/5/17 1186/6/17 993/5/63
f 994/6/63 993/5/63 1186/6/17
f 265/5/30 195/5/30 278/6/30
f 274/6/30 278/6/30 195/5/30
f 992/6/10 994/6/10 274/6/10
f 1186/6/10 274/6/10 994/6/10
f 278/6/10 274/6/10 1186/6/10
f 1200/7/30 1196/6/30 1198/8/30
f 1198/8/30 1196/6/30 1202/8/30
f 1196/6/30 1195/6/30 1202/8/30
f 1202/8/30 1195/6/30 1189/5/30
f 1195/6/30 1191/7/30 1189/5/30
f 1190/5/30 1189/5/30 1191/7/30
f 1192/7/11 1193/6/11 1188/5/11
f 1187/5/11 1188/5/11 1193/6/11
f 1201/8/11 1187/5/11 1193/6/11
f 1193/6/11 1194/6/11 1201/8/11
f 1197/8/11 1201/8/11 1194/6/11
f 1199/7/11 1197/8/11 1194/6/11
f 1195/6/88 1193/6/311 1191/7/90
f 1192/7/91 1191/7/90 1193/6/311
f 1196/6/92 1200/7/93 1194/6/94
f 1199/7/95 1194/6/94 1200/7/93
f 1200/7/93 1198/8/96 1199/7/95
f 1197/8/96 1199/7/95 1198/8/96
f 1196/6/92 1194/6/94 1195/6/88
f 1193/6/311 1195/6/88 1194/6/94
f 1192/7/91 1188/5/42 1191/7/90
f 1190/5/42 1191/7/90 1188/5/42
f 1190/5/10 1188/5/10 1189/5/10
f 1187/5/10 1189/5/10 1188/5/10
f 1203/5/78 265/5/78 1204/5/78
f 266/5/78 1204/5/78 265/5/78
f 266/5/62 267/7/136 1204/5/62
f 1205/7/137 1204/5/62 267/7/136
f 1206/6/138 271/6/139 1207/6/140
f 272/6/141 1207/6/140 271/6/139
f 1208/8/142 1209/7/143 274/8/142
f 276/7/144 274/8/142 1209/7/143
f 1209/7/143 1207/6/140 276/7/144
f 272/6/141 276/7/144 1207/6/140
f 1205/7/137 267/7/136 1206/6/138
f 271/6/139 1206/6/138 267/7/136
f 1209/7/11 1208/8/11 1207/6/11
f 1208/8/11 1210/8/11 1207/6/11
f 1206/6/11 1207/6/11 1210/8/11
f 1210/8/11 1203/5/11 1206/6/11
f 1203/5/11 1204/5/11 1206/6/11
f 1205/7/11 1206/6/11 1204/5/11
f 1211/5/17 1213/9/17 1212/5/312
f 1214/9/312 1212/5/312 1213/9/17
f 1215/9/313 1217/9/314 1216/5/313
f 1218/5/314 1216/5/313 1217/9/314
f 1212/5/312 1214/9/312 1216/5/313
f 1215/9/313 1216/5/313 1214/9/312
f 1219/5/315 1220/9/315 1211/5/17
f 1213/9/17 1211/5/17 1220/9/315
f 1217/9/10 1215/9/10 1221/9/10
f 1214/9/10 1221/9/10 1215/9/10
f 1213/9/10 1221/9/10 1214/9/10
f 1220/9/10 1221/9/10 1213/9/10
f 1222/9/10 1221/9/10 1220/9/10
f 1223/5/316 1224/5/317 1222/9/316
f 1221/9/317 1222/9/316 1224/5/317
f 1219/5/315 1223/5/316 1220/9/315
f 1222/9/316 1220/9/315 1223/5/316
f 1001/9/11 149/9/11 1225/5/11
f 1226/5/11 1225/5/11 149/9/11
f 1227/5/62 286/9/62 1228/5/17
f 1229/9/17 1228/5/17 286/9/62
f 1226/5/36 149/9/36 1230/5/36
f 196/9/36 1230/5/36 149/9/36
f 1228/5/17 1229/9/17 1225/5/63
f 1001/9/63 1225/5/63 1229/9/17
f 1226/5/78 1230/5/78 1225/5/78
f 1228/5/78 1225/5/78 1230/5/78
f 1227/5/78 1228/5/78 1230/5/78
f 149/9/10 1001/9/10 196/9/10
f 1229/9/10 196/9/10 1001/9/10
f 286/9/10 196/9/10 1229/9/10
f 1227/5/30 1230/5/30 286/9/30
f 196/9/30 286/9/30 1230/5/30
f 1231/38/295 1233/39/294 1232/38/295
f 1234/39/294 1232/38/295 1233/39/294
f 1235/40/296 1237/40/296 1236/41/293
f 1238/41/293 1236/41/293 1237/40/296
f 1239/39/62 1240/38/62 1234/39/62
f 1232/38/62 1234/39/62 1240/38/62
f 1241/40/62 1232/38/62 1240/38/62
f 1237/40/62 1232/38/62 1241/40/62
f 1242/41/62 1237/40/62 1241/40/62
f 1238/41/62 1237/40/62 1242/41/62
f 1236/41/293 1238/41/293 1243/41/292
f 1242/41/292 1243/41/292 1238/41/293
f 1244/39/290 1245/38/289 1239/39/290
f 1240/38/289 1239/39/290 1245/38/289
f 1233/39/41 1231/38/41 1244/39/41
f 1245/38/41 1244/39/41 1231/38/41
f 1235/40/41 1245/38/41 1231/38/41
f 1246/40/41 1245/38/41 1235/40/41
f 1236/41/41 1246/40/41 1235/40/41
f 1243/41/41 1246/40/41 1236/41/41
f 1243/41/292 1242/41/292 1246/40/291
f 1241/40/291 1246/40/291 1242/41/292
f 1233/39/294 1244/39/290 1234/39/294
f 1239/39/290 1234/39/294 1244/39/290
f 1237/40/296 1235/40/296 1232/38/295
f 1231/38/295 1232/38/295 1235/40/296
f 1240/38/289 1245/38/289 1241/40/291
f 1246/40/291 1241/40/291 1245/38/289
f 1247/42/290 1249/43/289 1248/42/290
f 1250/43/289 1248/42/290 1249/43/289
f 1251/42/41 1252/43/41 1247/42/41
f 1249/43/41 1247/42/41 1252/43/41
f 1253/44/41 1249/43/41 1252/43/41
f 1254/44/41 1249/43/41 1253/44/41
f 1255/45/41 1254/44/41 1253/44/41
f 1256/45/41 1254/44/41 1255/45/41
f 1251/42/294 1247/42/290 1257/42/294
f 1248/42/290 1257/42/294 1247/42/290
f 1252/43/295 1251/42/294 1258/43/295
f 1257/42/294 1258/43/295 1251/42/294
f 1255/45/293 1259/45/293 1256/45/292
f 1260/45/292 1256/45/292 1259/45/293
f 1261/44/296 1253/44/296 1258/43/295
f 1252/43/295 1258/43/295 1253/44/296
f 1256/45/292 1260/45/292 1254/44/291
f 1262/44/291 1254/44/291 1260/45/292
f 1250/43/289 1249/43/289 1262/44/291
f 1254/44/291 1262/44/291 1249/43/289
f 1253/44/296 1261/44/296 1255/45/293
f 1259/45/293 1255/45/293 1261/44/296
f 1248/42/62 1250/43/62 1257/42/62
f 1258/43/62 1257/42/62 1250/43/62
f 1262/44/62 1258/43/62 1250/43/62
f 1261/44/62 1258/43/62 1262/44/62
f 1260/45/62 1261/44/62 1262/44/62
f 1259/45/62 1261/44/62 1260/45/62
f 1263/46/299 1265/46/299 1264/47/302
f 1266/47/302 1264/47/302 1265/46/299
f 1267/46/297 1269/46/297 1268/48/304
f 1270/48/304 1268/48/304 1269/46/297
f 1271/49/303 1268/48/304 1272/49/303
f 1270/48/304 1272/49/303 1268/48/304
f 1273/47/63 1267/46/63 1264/47/63
f 1263/46/63 1264/47/63 1267/46/63
f 1268/48/63 1263/46/63 1267/46/63
f 1274/48/63 1263/46/63 1268/48/63
f 1271/49/63 1274/48/63 1268/48/63
f 1275/49/63 1274/48/63 1271/49/63
f 1264/47/302 1266/47/302 1273/47/298
f 1276/47/298 1273/47/298 1266/47/302
f 1266/47/42 1265/46/42 1276/47/42
f 1269/46/42 1276/47/42 1265/46/42
f 1277/48/42 1269/46/42 1265/46/42
f 1270/48/42 1269/46/42 1277/48/42
f 1278/49/42 1270/48/42 1277/48/42
f 1272/49/42 1270/48/42 1278/49/42
f 1275/49/301 1271/49/303 1278/49/301
f 1272/49/303 1278/49/301 1271/49/303
f 1273/47/298 1276/47/298 1267/46/297
f 1269/46/297 1267/46/297 1276/47/298
f 1274/48/300 1275/49/301 1277/48/300
f 1278/49/301 1277/48/300 1275/49/301
f 1274/48/300 1277/48/300 1263/46/299
f 1265/46/299 1263/46/299 1277/48/300
f 1279/5/62 1281/6/62 1280/5/64
f 1282/6/17 1280/5/17 1281/6/62
f 398/6/11 378/6/11 386/5/11
f 67/5/11 386/5/11 378/6/11
f 67/5/36 378/6/36 160/5/36
f 1030/6/36 160/5/36 378/6/36
f 1280/5/17 1282/6/17 386/5/63
f 398/6/63 386/5/63 1282/6/17
f 1279/5/30 160/5/30 1281/6/30
f 1030/6/30 1281/6/30 160/5/30
f 378/6/10 398/6/10 1030/6/10
f 1282/6/10 1030/6/10 398/6/10
f 1281/6/10 1030/6/10 1282/6/10
f 1296/7/30 1292/6/30 1294/8/30
f 1294/8/30 1292/6/30 1298/8/30
f 1292/6/30 1291/6/30 1298/8/30
f 1298/8/30 1291/6/30 1285/5/30
f 1291/6/30 1287/7/30 1285/5/30
f 1286/5/30 1285/5/30 1287/7/30
f 1288/7/11 1289/6/11 1284/5/11
f 1283/5/11 1284/5/11 1289/6/11
f 1297/8/11 1283/5/11 1289/6/11
f 1289/6/11 1290/6/11 1297/8/11
f 1293/8/11 1297/8/11 1290/6/11
f 1295/7/11 1293/8/11 1290/6/11
f 1291/6/88 1289/6/311 1287/7/90
f 1288/7/91 1287/7/90 1289/6/311
f 1292/6/92 1296/7/93 1290/6/94
f 1295/7/95 1290/6/94 1296/7/93
f 1296/7/93 1294/8/96 1295/7/95
f 1293/8/96 1295/7/95 1294/8/96
f 1292/6/92 1290/6/94 1291/6/88
f 1289/6/311 1291/6/88 1290/6/94
f 1288/7/91 1284/5/42 1287/7/90
f 1286/5/42 1287/7/90 1284/5/42
f 1286/5/10 1284/5/10 1285/5/10
f 1283/5/10 1285/5/10 1284/5/10
f 1299/5/78 1279/5/78 1300/5/78
f 1301/5/78 1300/5/78 1279/5/78
f 1301/5/62 1302/7/136 1300/5/62
f 1303/7/137 1300/5/62 1302/7/136
f 1304/6/138 1306/6/139 1305/6/140
f 1307/6/141 1305/6/140 1306/6/139
f 1308/8/142 1309/7/143 1030/8/142
f 1310/7/144 1030/8/142 1309/7/143
f 1309/7/143 1305/6/140 1310/7/144
f 1307/6/141 1310/7/144 1305/6/140
f 1303/7/137 1302/7/136 1304/6/138
f 1306/6/139 1304/6/138 1302/7/136
f 1309/7/11 1308/8/11 1305/6/11
f 1308/8/11 1311/8/11 1305/6/11
f 1304/6/11 1305/6/11 1311/8/11
f 1311/8/11 1299/5/11 1304/6/11
f 1299/5/11 1300/5/11 1304/6/11
f 1303/7/11 1304/6/11 1300/5/11
f 1301/5/30 1279/5/30 1302/7/30
f 1306/6/30 1302/7/30 1279/5/30
f 1281/8/30 1306/6/30 1279/5/30
f 1307/6/30 1306/6/30 1281/8/30
f 1030/8/30 1307/6/30 1281/8/30
f 1310/7/30 1307/6/30 1030/8/30
f 1312/5/17 1314/9/17 1313/5/312
f 1315/9/312 1313/5/312 1314/9/17
f 1316/9/313 1318/9/314 1317/5/313
f 1319/5/314 1317/5/313 1318/9/314
f 1313/5/312 1315/9/312 1317/5/313
f 1316/9/313 1317/5/313 1315/9/312
f 1320/5/315 1321/9/315 1312/5/17
f 1314/9/17 1312/5/17 1321/9/315
f 1318/9/10 1316/9/10 1322/9/10
f 1315/9/10 1322/9/10 1316/9/10
f 1314/9/10 1322/9/10 1315/9/10
f 1321/9/10 1322/9/10 1314/9/10
f 1323/9/10 1322/9/10 1321/9/10
f 1324/5/316 1325/5/317 1323/9/316
f 1322/9/317 1323/9/316 1325/5/317
f 1320/5/315 1324/5/316 1321/9/315
f 1323/9/316 1321/9/315 1324/5/316
f 425/9/11 75/9/11 1326/5/11
f 1327/5/11 1326/5/11 75/9/11
f 1328/5/62 1040/9/62 1329/5/17
f 1330/9/17 1329/5/17 1040/9/62
f 1327/5/36 75/9/36 1331/5/36
f 165/9/36 1331/5/36 75/9/36
f 1329/5/17 1330/9/17 1326/5/63
f 425/9/63 1326/5/63 1330/9/17
f 1327/5/78 1331/5/78 1326/5/78
f 1329/5/78 1326/5/78 1331/5/78
f 1328/5/78 1329/5/78 1331/5/78
f 75/9/10 425/9/10 165/9/10
f 1330/9/10 165/9/10 425/9/10
f 1040/9/10 165/9/10 1330/9/10
f 1328/5/30 1331/5/30 1040/9/30
f 165/9/30 1040/9/30 1331/5/30
f 1332/38/295 1334/39/294 1333/38/295
f 1335/39/294 1333/38/295 1334/39/294
f 1336/40/296 1338/40/296 1337/41/293
f 1339/41/293 1337/41/293 1338/40/296
f 1340/39/62 1341/38/62 1335/39/62
f 1333/38/62 1335/39/62 1341/38/62
f 1342/40/62 1333/38/62 1341/38/62
f 1338/40/62 1333/38/62 1342/40/62
f 1343/41/62 1338/40/62 1342/40/62
f 1339/41/62 1338/40/62 1343/41/62
f 1337/41/293 1339/41/293 1344/41/292
f 1343/41/292 1344/41/292 1339/41/293
f 1345/39/290 1346/38/289 1340/39/290
f 1341/38/289 1340/39/290 1346/38/289
f 1334/39/41 1332/38/41 1345/39/41
f 1346/38/41 1345/39/41 1332/38/41
f 1336/40/41 1346/38/41 1332/38/41
f 1347/40/41 1346/38/41 1336/40/41
f 1337/41/41 1347/40/41 1336/40/41
f 1344/41/41 1347/40/41 1337/41/41
f 1344/41/292 1343/41/292 1347/40/291
f 1342/40/291 1347/40/291 1343/41/292
f 1334/39/294 1345/39/290 1335/39/294
f 1340/39/290 1335/39/294 1345/39/290
f 1338/40/296 1336/40/296 1333/38/295
f 1332/38/295 1333/38/295 1336/40/296
f 1341/38/289 1346/38/289 1342/40/291
f 1347/40/291 1342/40/291 1346/38/289
f 1348/42/290 1350/43/289 1349/42/290
f 1351/43/289 1349/42/290 1350/43/289
f 1352/42/41 1353/43/41 1348/42/41
f 1350/43/41 1348/42/41 1353/43/41
f 1354/44/41 1350/43/41 1353/43/41
f 1355/44/41 1350/43/41 1354/44/41
f 1356/45/41 1355/44/41 1354/44/41
f 1357/45/41 1355/44/41 1356/45/41
f 1352/42/294 1348/42/290 1358/42/294
f 1349/42/290 1358/42/294 1348/42/290
f 1353/43/295 1352/42/294 1359/43/295
f 1358/42/294 1359/43/295 1352/42/294
f 1356/45/293 1360/45/293 1357/45/292
f 1361/45/292 1357/45/292 1360/45/293
f 1362/44/296 1354/44/296 1359/43/295
f 1353/43/295 1359/43/295 1354/44/296
f 1357/45/292 1361/45/292 1355/44/291
f 1363/44/291 1355/44/291 1361/45/292
f 1351/43/289 1350/43/289 1363/44/291
f 1355/44/291 1363/44/291 1350/43/289
f 1354/44/296 1362/44/296 1356/45/293
f 1360/45/293 1356/45/293 1362/44/296
f 1349/42/62 1351/43/62 1358/42/62
f 1359/43/62 1358/42/62 1351/43/62
f 1363/44/62 1359/43/62 1351/43/62
f 1362/44/62 1359/43/62 1363/44/62
f 1361/45/62 1362/44/62 1363/44/62
f 1360/45/62 1362/44/62 1361/45/62
f 1364/46/299 1366/46/299 1365/47/302
f 1367/47/302 1365/47/302 1366/46/299
f 1368/46/297 1370/46/297 1369/48/304
f 1371/48/304 1369/48/304 1370/46/297
f 1372/49/303 1369/48/304 1373/49/303
f 1371/48/304 1373/49/303 1369/48/304
f 1374/47/63 1368/46/63 1365/47/63
f 1364/46/63 1365/47/63 1368/46/63
f 1369/48/63 1364/46/63 1368/46/63
f 1375/48/63 1364/46/63 1369/48/63
f 1372/49/63 1375/48/63 1369/48/63
f 1376/49/63 1375/48/63 1372/49/63
f 1365/47/302 1367/47/302 1374/47/298
f 1377/47/298 1374/47/298 1367/47/302
f 1367/47/42 1366/46/42 1377/47/42
f 1370/46/42 1377/47/42 1366/46/42
f 1378/48/42 1370/46/42 1366/46/42
f 1371/48/42 1370/46/42 1378/48/42
f 1379/49/42 1371/48/42 1378/48/42
f 1373/49/42 1371/48/42 1379/49/42
f 1376/49/301 1372/49/303 1379/49/301
f 1373/49/303 1379/49/301 1372/49/303
f 1374/47/298 1377/47/298 1368/46/297
f 1370/46/297 1368/46/297 1377/47/298
f 1375/48/300 1376/49/301 1378/48/300
f 1379/49/301 1378/48/300 1376/49/301
f 1375/48/300 1378/48/300 1364/46/299
f 1366/46/299 1364/46/299 1378/48/300
f 1380/6/17 873/6/17 1381/5/17
f 129/5/17 1381/5/17 873/6/17
f 129/5/11 873/6/11 1382/5/11
f 1383/6/11 1382/5/11 873/6/11
f 1381/5/70 1384/5/69 1380/6/70
f 1385/6/69 1380/6/70 1384/5/69
f 1386/5/65 1382/5/66 1387/6/318
f 1383/6/66 1387/6/68 1382/5/66
f 1380/6/10 1385/6/10 873/6/10
f 1383/6/10 873/6/10 1385/6/10
f 1387/6/10 1383/6/10 1385/6/10
f 1386/5/65 1387/6/318 1384/5/69
f 1385/6/69 1384/5/69 1387/6/318
f 1388/5/11 131/9/11 1389/5/11
f 917/9/11 1389/5/11 131/9/11
f 1390/9/17 131/9/17 1391/5/17
f 1388/5/17 1391/5/17 131/9/17
f 1390/9/10 1392/9/10 131/9/10
f 917/9/10 131/9/10 1392/9/10
f 1393/9/10 917/9/10 1392/9/10
f 1388/5/78 1389/5/78 1391/5/78
f 1394/5/78 1391/5/78 1389/5/78
f 1395/5/78 1394/5/78 1389/5/78
f 1395/5/65 1389/5/66 1393/9/65
f 917/9/66 1393/9/65 1389/5/66
f 1395/5/65 1393/9/65 1394/5/69
f 1392/9/69 1394/5/69 1393/9/65
f 1391/5/70 1394/5/69 1390/9/70
f 1392/9/69 1390/9/70 1394/5/69
f 1396/6/17 1398/6/17 1397/5/17
f 1399/5/17 1397/5/17 1398/6/17
f 1399/5/11 1398/6/11 1400/5/11
f 1401/6/11 1400/5/11 1398/6/11
f 1397/5/70 1402/5/69 1396/6/70
f 1403/6/69 1396/6/70 1402/5/69
f 1404/5/65 1400/5/66 1405/6/319
f 1401/6/66 1405/6/68 1400/5/66
f 1396/6/10 1403/6/10 1398/6/10
f 1401/6/10 1398/6/10 1403/6/10
f 1405/6/10 1401/6/10 1403/6/10
f 1404/5/65 1405/6/319 1402/5/69
f 1403/6/69 1402/5/69 1405/6/319
f 1406/5/11 1408/9/11 1407/5/11
f 1409/9/11 1407/5/11 1408/9/11
f 1410/9/17 1408/9/17 1411/5/17
f 1406/5/17 1411/5/17 1408/9/17
f 1410/9/10 1412/9/10 1408/9/10
f 1409/9/10 1408/9/10 1412/9/10
f 1413/9/10 1409/9/10 1412/9/10
f 1406/5/78 1407/5/78 1411/5/78
f 1414/5/78 1411/5/78 1407/5/78
f 1415/5/78 1414/5/78 1407/5/78
f 1415/5/65 1407/5/66 1413/9/65
f 1409/9/66 1413/9/65 1407/5/66
f 1415/5/65 1413/9/65 1414/5/69
f 1412/9/69 1414/5/69 1413/9/65
f 1411/5/70 1414/5/69 1410/9/70
f 1412/9/69 1410/9/70 1414/5/69
f 1416/5/78 1418/5/78 1417/5/78
f 1419/5/78 1417/5/78 1418/5/78
f 1419/5/38 1420/7/79 1417/5/38
f 1421/7/80 1417/5/38 1420/7/79
f 1422/6/81 1424/6/82 1423/6/83
f 1425/6/84 1423/6/83 1424/6/82
f 1426/8/85 1428/7/86 1427/8/85
f 1429/7/87 1427/8/85 1428/7/86
f 1428/7/86 1423/6/83 1429/7/87
f 1425/6/84 1429/7/87 1423/6/83
f 1421/7/80 1420/7/79 1422/6/81
f 1424/6/82 1422/6/81 1420/7/79
f 1428/7/36 1426/8/36 1423/6/36
f 1426/8/36 1430/8/36 1423/6/36
f 1422/6/36 1423/6/36 1430/8/36
f 1430/8/36 1416/5/36 1422/6/36
f 1416/5/36 1417/5/36 1422/6/36
f 1421/7/36 1422/6/36 1417/5/36
f 1419/5/17 1418/5/17 1420/7/17
f 1424/6/17 1420/7/17 1418/5/17
f 1431/8/17 1424/6/17 1418/5/17
f 1425/6/17 1424/6/17 1431/8/17
f 1427/8/17 1425/6/17 1431/8/17
f 1429/7/17 1425/6/17 1427/8/17
f 261/7/17 1439/6/17 244/8/17
f 244/8/17 1439/6/17 1443/8/17
f 1439/6/17 1438/6/17 1443/8/17
f 1443/8/17 1438/6/17 1434/5/17
f 1438/6/17 253/7/17 1434/5/17
f 252/5/17 1434/5/17 253/7/17
f 1435/7/36 1436/6/36 1433/5/36
f 1432/5/36 1433/5/36 1436/6/36
f 1442/8/36 1432/5/36 1436/6/36
f 1436/6/36 1437/6/36 1442/8/36
f 1440/8/36 1442/8/36 1437/6/36
f 1441/7/36 1440/8/36 1437/6/36
f 1438/6/226 1436/6/227 253/7/228
f 1435/7/229 253/7/228 1436/6/227
f 1439/6/230 261/7/231 1437/6/232
f 1441/7/233 1437/6/232 261/7/231
f 261/7/231 244/8/234 1441/7/233
f 1440/8/234 1441/7/233 244/8/234
f 1439/6/230 1437/6/232 1438/6/226
f 1436/6/227 1438/6/226 1437/6/232
f 1435/7/229 1433/5/73 253/7/228
f 252/5/73 253/7/228 1433/5/73
f 252/5/10 1433/5/10 1434/5/10
f 1432/5/10 1434/5/10 1433/5/10
f 290/9/36 55/9/36 285/5/36
f 3/5/36 285/5/36 55/9/36
f 1444/5/38 1446/9/38 1445/5/11
f 1447/9/11 1445/5/11 1446/9/38
f 3/5/30 55/9/30 1448/5/30
f 223/9/30 1448/5/30 55/9/30
f 1445/5/11 1447/9/11 285/5/40
f 290/9/40 285/5/40 1447/9/320
f 3/5/78 1448/5/78 285/5/78
f 1445/5/78 285/5/78 1448/5/78
f 1444/5/78 1445/5/78 1448/5/78
f 55/9/10 290/9/10 223/9/10
f 1447/9/10 223/9/10 290/9/10
f 1446/9/10 223/9/10 1447/9/10
f 1444/5/17 1448/5/17 1446/9/17
f 223/9/17 1446/9/17 1448/5/17
f 1449/5/38 1451/6/38 1450/5/11
f 1452/6/11 1450/5/11 1451/6/38
f 1453/6/36 1455/6/36 1454/5/36
f 1456/5/36 1454/5/36 1455/6/36
f 1456/5/30 1455/6/30 1457/5/30
f 1458/6/30 1457/5/30 1455/6/30
f 1450/5/11 1452/6/11 1454/5/40
f 1453/6/40 1454/5/40 1452/6/11
f 1449/5/17 1457/5/17 1451/6/17
f 1458/6/17 1451/6/17 1457/5/17
f 1455/6/10 1453/6/10 1458/6/10
f 1452/6/10 1458/6/10 1453/6/10
f 1451/6/10 1458/6/10 1452/6/10
f 1459/26/244 1461/26/245 1460/26/246
f 1462/26/247 1460/26/246 1461/26/245
f 1463/27/248 1465/27/249 1464/27/250
f 1466/27/251 1464/27/250 1465/27/249
f 1467/28/252 1469/28/253 1468/29/254
f 1470/29/255 1468/29/254 1469/28/253
f 1471/29/256 1473/29/257 1472/28/258
f 1474/28/259 1472/28/258 1473/29/257
f 1467/28/252 1463/27/248 1469/28/253
f 1464/27/250 1469/28/253 1463/27/248
f 1468/29/254 1470/29/255 1459/26/244
f 1461/26/245 1459/26/244 1470/29/255
f 1460/26/260 1471/29/261 1459/26/261
f 1468/29/261 1459/26/261 1471/29/261
f 1472/28/261 1468/29/261 1471/29/261
f 1467/28/260 1468/29/261 1472/28/261
f 1465/27/261 1467/28/260 1472/28/261
f 1463/27/260 1467/28/260 1465/27/261
f 1461/26/262 1470/29/263 1462/26/263
f 1473/29/263 1462/26/263 1470/29/263
f 1469/28/263 1473/29/263 1470/29/263
f 1474/28/263 1473/29/263 1469/28/263
f 1464/27/263 1474/28/263 1469/28/263
f 1466/27/262 1474/28/263 1464/27/263
f 1460/26/246 1462/26/247 1471/29/256
f 1473/29/257 1471/29/256 1462/26/247
f 1465/27/249 1472/28/258 1466/27/251
f 1474/28/259 1466/27/251 1472/28/258
f 1475/30/264 1477/30/264 1476/30/265
f 1478/30/265 1476/30/265 1477/30/264
f 1479/31/266 1481/31/267 1480/31/266
f 1482/31/267 1480/31/266 1481/31/267
f 1483/32/268 1479/31/266 1484/32/268
f 1480/31/266 1484/32/268 1479/31/266
f 1485/33/269 1486/33/269 1475/30/264
f 1477/30/264 1475/30/264 1486/33/269
f 1487/33/270 1489/33/270 1488/32/271
f 1490/32/271 1488/32/271 1489/33/270
f 1483/32/268 1484/32/268 1485/33/269
f 1486/33/269 1485/33/269 1484/32/268
f 1476/30/40 1487/33/40 1475/30/40
f 1485/33/40 1475/30/40 1487/33/40
f 1488/32/40 1485/33/40 1487/33/40
f 1483/32/40 1485/33/40 1488/32/40
f 1481/31/40 1483/32/40 1488/32/40
f 1479/31/40 1483/32/40 1481/31/40
f 1476/30/265 1478/30/265 1487/33/270
f 1489/33/270 1487/33/270 1478/30/265
f 1477/30/73 1486/33/73 1478/30/73
f 1489/33/73 1478/30/73 1486/33/73
f 1484/32/73 1489/33/73 1486/33/73
f 1490/32/73 1489/33/73 1484/32/73
f 1480/31/73 1490/32/73 1484/32/73
f 1482/31/73 1490/32/73 1480/31/73
f 1481/31/267 1488/32/271 1482/31/267
f 1490/32/271 1482/31/267 1488/32/271
f 1491/34/272 1493/34/272 1492/34/273
f 1494/34/273 1492/34/273 1493/34/272
f 1495/35/274 1497/35/275 1496/35/274
f 1498/35/275 1496/35/274 1497/35/275
f 1499/36/276 1500/36/276 1491/34/272
f 1493/34/272 1491/34/272 1500/36/276
f 1492/34/273 1494/34/273 1501/36/277
f 1502/36/277 1501/36/277 1494/34/273
f 1500/36/276 1499/36/276 1503/37/278
f 1504/37/278 1503/37/278 1499/36/276
f 1504/37/278 1495/35/274 1503/37/278
f 1496/35/274 1503/37/278 1495/35/274
f 1495/35/72 1504/37/72 1497/35/72
f 1505/37/72 1497/35/72 1504/37/72
f 1499/36/72 1505/37/72 1504/37/72
f 1501/36/72 1505/37/72 1499/36/72
f 1491/34/72 1501/36/72 1499/36/72
f 1492/34/72 1501/36/72 1491/34/72
f 1498/35/38 1506/37/38 1496/35/38
f 1503/37/38 1496/35/38 1506/37/38
f 1502/36/38 1503/37/38 1506/37/38
f 1500/36/38 1503/37/38 1502/36/38
f 1494/34/38 1500/36/38 1502/36/38
f 1493/34/38 1500/36/38 1494/34/38
f 1497/35/275 1505/37/279 1498/35/275
f 1506/37/279 1498/35/275 1505/37/279
f 1506/37/279 1505/37/279 1502/36/277
f 1501/36/277 1502/36/277 1505/37/279
f 1507/5/78 1509/5/78 1508/5/78
f 1510/5/78 1508/5/78 1509/5/78
f 1510/5/72 1511/7/188 1508/5/72
f 1512/7/189 1508/5/72 1511/7/188
f 1513/6/190 1515/6/191 1514/6/192
f 1516/6/193 1514/6/192 1515/6/191
f 1517/8/194 1519/7/195 1518/8/194
f 1520/7/196 1518/8/194 1519/7/195
f 1519/7/195 1514/6/192 1520/7/196
f 1516/6/193 1520/7/196 1514/6/192
f 1512/7/189 1511/7/188 1513/6/190
f 1515/6/191 1513/6/190 1511/7/188
f 1519/7/17 1517/8/17 1514/6/17
f 1517/8/17 1521/8/17 1514/6/17
f 1513/6/17 1514/6/17 1521/8/17
f 1521/8/17 1507/5/17 1513/6/17
f 1507/5/17 1508/5/17 1513/6/17
f 1512/7/17 1513/6/17 1508/5/17
f 1510/5/36 1509/5/36 1511/7/36
f 1515/6/36 1511/7/36 1509/5/36
f 1522/8/36 1515/6/36 1509/5/36
f 1516/6/36 1515/6/36 1522/8/36
f 1518/8/36 1516/6/36 1522/8/36
f 1520/7/36 1516/6/36 1518/8/36
f 532/7/36 1530/6/36 530/8/36
f 530/8/36 1530/6/36 1534/8/36
f 1530/6/36 1529/6/36 1534/8/36
f 1534/8/36 1529/6/36 1525/5/36
f 1529/6/36 523/7/36 1525/5/36
f 522/5/36 1525/5/36 523/7/36
f 1526/7/17 1527/6/17 1524/5/17
f 1523/5/17 1524/5/17 1527/6/17
f 1533/8/17 1523/5/17 1527/6/17
f 1527/6/17 1528/6/17 1533/8/17
f 1531/8/17 1533/8/17 1528/6/17
f 1532/7/17 1531/8/17 1528/6/17
f 1529/6/321 1527/6/146 523/7/147
f 1526/7/148 523/7/147 1527/6/146
f 1530/6/149 532/7/150 1528/6/151
f 1532/7/152 1528/6/151 532/7/150
f 532/7/150 530/8/153 1532/7/152
f 1531/8/153 1532/7/152 530/8/153
f 1530/6/149 1528/6/151 1529/6/321
f 1527/6/146 1529/6/321 1528/6/151
f 1526/7/148 1524/5/40 523/7/147
f 522/5/40 523/7/147 1524/5/40
f 522/5/10 1524/5/10 1525/5/10
f 1523/5/10 1525/5/10 1524/5/10
f 559/9/17 231/9/17 554/5/17
f 14/5/17 554/5/17 231/9/17
f 1535/5/72 1537/9/72 1536/5/30
f 1538/9/30 1536/5/30 1537/9/72
f 14/5/11 231/9/11 1539/5/11
f 215/9/11 1539/5/11 231/9/11
f 1536/5/30 1538/9/30 554/5/73
f 559/9/73 554/5/73 1538/9/30
f 14/5/78 1539/5/78 554/5/78
f 1536/5/78 554/5/78 1539/5/78
f 1535/5/78 1536/5/78 1539/5/78
f 231/9/10 559/9/10 215/9/10
f 1538/9/10 215/9/10 559/9/10
f 1537/9/10 215/9/10 1538/9/10
f 1535/5/36 1539/5/36 1537/9/36
f 215/9/36 1537/9/36 1539/5/36
f 1540/5/72 1542/6/72 1541/5/30
f 1543/6/30 1541/5/30 1542/6/72
f 1544/6/17 1546/6/17 1545/5/17
f 1547/5/17 1545/5/17 1546/6/17
f 1547/5/11 1546/6/11 1548/5/11
f 1549/6/11 1548/5/11 1546/6/11
f 1541/5/30 1543/6/30 1545/5/73
f 1544/6/73 1545/5/73 1543/6/30
f 1540/5/36 1548/5/36 1542/6/36
f 1549/6/36 1542/6/36 1548/5/36
f 1546/6/10 1544/6/10 1549/6/10
f 1543/6/10 1549/6/10 1544/6/10
f 1542/6/10 1549/6/10 1543/6/10
f 1550/26/247 1552/26/246 1551/26/245
f 1553/26/244 1551/26/245 1552/26/246
f 1554/27/251 1556/27/250 1555/27/249
f 1557/27/248 1555/27/249 1556/27/250
f 1558/28/259 1560/28/258 1559/29/257
f 1561/29/256 1559/29/257 1560/28/258
f 1562/29/255 1564/29/254 1563/28/253
f 1565/28/252 1563/28/253 1564/29/254
f 1558/28/259 1554/27/251 1560/28/258
f 1555/27/249 1560/28/258 1554/27/251
f 1559/29/257 1561/29/256 1550/26/247
f 1552/26/246 1550/26/247 1561/29/256
f 1551/26/262 1562/29/263 1550/26/263
f 1559/29/263 1550/26/263 1562/29/263
f 1563/28/263 1559/29/263 1562/29/263
f 1558/28/263 1559/29/263 1563/28/263
f 1556/27/263 1558/28/263 1563/28/263
f 1554/27/262 1558/28/263 1556/27/263
f 1552/26/260 1561/29/261 1553/26/261
f 1564/29/261 1553/26/261 1561/29/261
f 1560/28/261 1564/29/261 1561/29/261
f 1565/28/261 1564/29/261 1560/28/261
f 1555/27/261 1565/28/261 1560/28/261
f 1557/27/260 1565/28/261 1555/27/261
f 1551/26/245 1553/26/244 1562/29/255
f 1564/29/254 1562/29/255 1553/26/244
f 1556/27/250 1563/28/253 1557/27/248
f 1565/28/252 1557/27/248 1563/28/253
f 1566/30/265 1568/30/265 1567/30/264
f 1569/30/264 1567/30/264 1568/30/265
f 1570/31/267 1572/31/266 1571/31/267
f 1573/31/266 1571/31/267 1572/31/266
f 1574/32/271 1570/31/267 1575/32/271
f 1571/31/267 1575/32/271 1570/31/267
f 1576/33/270 1577/33/270 1566/30/265
f 1568/30/265 1566/30/265 1577/33/270
f 1578/33/269 1580/33/269 1579/32/268
f 1581/32/268 1579/32/268 1580/33/269
f 1574/32/271 1575/32/271 1576/33/270
f 1577/33/270 1576/33/270 1575/32/271
f 1567/30/73 1578/33/73 1566/30/73
f 1576/33/73 1566/30/73 1578/33/73
f 1579/32/73 1576/33/73 1578/33/73
f 1574/32/73 1576/33/73 1579/32/73
f 1572/31/73 1574/32/73 1579/32/73
f 1570/31/73 1574/32/73 1572/31/73
f 1567/30/264 1569/30/264 1578/33/269
f 1580/33/269 1578/33/269 1569/30/264
f 1568/30/40 1577/33/40 1569/30/40
f 1580/33/40 1569/30/40 1577/33/40
f 1575/32/40 1580/33/40 1577/33/40
f 1581/32/40 1580/33/40 1575/32/40
f 1571/31/40 1581/32/40 1575/32/40
f 1573/31/40 1581/32/40 1571/31/40
f 1572/31/266 1579/32/268 1573/31/266
f 1581/32/268 1573/31/266 1579/32/268
f 1582/34/273 1584/34/273 1583/34/272
f 1585/34/272 1583/34/272 1584/34/273
f 1586/35/275 1588/35/274 1587/35/275
f 1589/35/274 1587/35/275 1588/35/274
f 1590/36/277 1591/36/277 1582/34/273
f 1584/34/273 1582/34/273 1591/36/277
f 1583/34/272 1585/34/272 1592/36/276
f 1593/36/276 1592/36/276 1585/34/272
f 1591/36/277 1590/36/277 1594/37/279
f 1595/37/279 1594/37/279 1590/36/277
f 1595/37/279 1586/35/275 1594/37/279
f 1587/35/275 1594/37/279 1586/35/275
f 1586/35/38 1595/37/38 1588/35/38
f 1596/37/38 1588/35/38 1595/37/38
f 1590/36/38 1596/37/38 1595/37/38
f 1592/36/38 1596/37/38 1590/36/38
f 1582/34/38 1592/36/38 1590/36/38
f 1583/34/38 1592/36/38 1582/34/38
f 1589/35/72 1597/37/72 1587/35/72
f 1594/37/72 1587/35/72 1597/37/72
f 1593/36/72 1594/37/72 1597/37/72
f 1591/36/72 1594/37/72 1593/36/72
f 1585/34/72 1591/36/72 1593/36/72
f 1584/34/72 1591/36/72 1585/34/72
f 1588/35/274 1596/37/278 1589/35/274
f 1597/37/278 1589/35/274 1596/37/278
f 1597/37/278 1596/37/278 1593/36/276
f 1592/36/276 1593/36/276 1596/37/278
f 1598/5/78 401/5/78 1599/5/78
f 402/5/78 1599/5/78 401/5/78
f 402/5/72 403/7/188 1599/5/72
f 1600/7/189 1599/5/72 403/7/188
f 1601/6/190 407/6/191 1602/6/192
f 408/6/193 1602/6/192 407/6/191
f 1603/8/194 1604/7/195 381/8/194
f 411/7/196 381/8/194 1604/7/195
f 1604/7/195 1602/6/192 411/7/196
f 408/6/193 411/7/196 1602/6/192
f 1600/7/189 403/7/188 1601/6/190
f 407/6/191 1601/6/190 403/7/188
f 1604/7/17 1603/8/17 1602/6/17
f 1603/8/17 1605/8/17 1602/6/17
f 1601/6/17 1602/6/17 1605/8/17
f 1605/8/17 1598/5/17 1601/6/17
f 1598/5/17 1599/5/17 1601/6/17
f 1600/7/17 1601/6/17 1599/5/17
f 1619/7/36 1615/6/36 1617/8/36
f 1617/8/36 1615/6/36 1621/8/36
f 1615/6/36 1614/6/36 1621/8/36
f 1621/8/36 1614/6/36 1608/5/36
f 1614/6/36 1610/7/36 1608/5/36
f 1609/5/36 1608/5/36 1610/7/36
f 1611/7/17 1612/6/17 1607/5/17
f 1606/5/17 1607/5/17 1612/6/17
f 1620/8/17 1606/5/17 1612/6/17
f 1612/6/17 1613/6/17 1620/8/17
f 1616/8/17 1620/8/17 1613/6/17
f 1618/7/17 1616/8/17 1613/6/17
f 1614/6/321 1612/6/146 1610/7/147
f 1611/7/148 1610/7/147 1612/6/146
f 1615/6/149 1619/7/150 1613/6/151
f 1618/7/152 1613/6/151 1619/7/150
f 1619/7/150 1617/8/153 1618/7/152
f 1616/8/153 1618/7/152 1617/8/153
f 1615/6/149 1613/6/151 1614/6/321
f 1612/6/146 1614/6/321 1613/6/151
f 1611/7/148 1607/5/40 1610/7/147
f 1609/5/40 1610/7/147 1607/5/40
f 1609/5/10 1607/5/10 1608/5/10
f 1606/5/10 1608/5/10 1607/5/10
f 1622/9/17 175/9/17 1623/5/17
f 1624/5/17 1623/5/17 175/9/17
f 414/5/72 421/9/72 1625/5/322
f 1626/9/30 1625/5/30 421/9/72
f 1624/5/11 175/9/11 4/5/11
f 70/9/11 4/5/11 175/9/11
f 1625/5/30 1626/9/30 1623/5/73
f 1622/9/73 1623/5/73 1626/9/30
f 1624/5/78 4/5/78 1623/5/78
f 1625/5/78 1623/5/78 4/5/78
f 414/5/78 1625/5/78 4/5/78
f 175/9/10 1622/9/10 70/9/10
f 1626/9/10 70/9/10 1622/9/10
f 421/9/10 70/9/10 1626/9/10
f 1627/5/72 1629/6/72 1628/5/30
f 1630/6/30 1628/5/30 1629/6/72
f 1631/6/17 1633/6/17 1632/5/17
f 1634/5/17 1632/5/17 1633/6/17
f 1634/5/11 1633/6/11 1635/5/11
f 1636/6/11 1635/5/11 1633/6/11
f 1628/5/30 1630/6/30 1632/5/73
f 1631/6/73 1632/5/73 1630/6/30
f 1627/5/36 1635/5/36 1629/6/36
f 1636/6/36 1629/6/36 1635/5/36
f 1633/6/10 1631/6/10 1636/6/10
f 1630/6/10 1636/6/10 1631/6/10
f 1629/6/10 1636/6/10 1630/6/10
f 1637/26/247 1639/26/246 1638/26/245
f 1640/26/244 1638/26/245 1639/26/246
f 1641/27/251 1643/27/250 1642/27/249
f 1644/27/248 1642/27/249 1643/27/250
f 1645/28/259 1647/28/258 1646/29/257
f 1648/29/256 1646/29/257 1647/28/258
f 1649/29/255 1651/29/254 1650/28/253
f 1652/28/252 1650/28/253 1651/29/254
f 1645/28/259 1641/27/251 1647/28/258
f 1642/27/249 1647/28/258 1641/27/251
f 1646/29/257 1648/29/256 1637/26/247
f 1639/26/246 1637/26/247 1648/29/256
f 1638/26/262 1649/29/263 1637/26/263
f 1646/29/263 1637/26/263 1649/29/263
f 1650/28/263 1646/29/263 1649/29/263
f 1645/28/263 1646/29/263 1650/28/263
f 1643/27/263 1645/28/263 1650/28/263
f 1641/27/262 1645/28/263 1643/27/263
f 1639/26/260 1648/29/261 1640/26/261
f 1651/29/261 1640/26/261 1648/29/261
f 1647/28/261 1651/29/261 1648/29/261
f 1652/28/261 1651/29/261 1647/28/261
f 1642/27/261 1652/28/261 1647/28/261
f 1644/27/260 1652/28/261 1642/27/261
f 1638/26/245 1640/26/244 1649/29/255
f 1651/29/254 1649/29/255 1640/26/244
f 1643/27/250 1650/28/253 1644/27/248
f 1652/28/252 1644/27/248 1650/28/253
f 1653/30/265 1655/30/265 1654/30/264
f 1656/30/264 1654/30/264 1655/30/265
f 1657/31/267 1659/31/266 1658/31/267
f 1660/31/266 1658/31/267 1659/31/266
f 1661/32/271 1657/31/267 1662/32/271
f 1658/31/267 1662/32/271 1657/31/267
f 1663/33/270 1664/33/270 1653/30/265
f 1655/30/265 1653/30/265 1664/33/270
f 1665/33/269 1667/33/269 1666/32/268
f 1668/32/268 1666/32/268 1667/33/269
f 1661/32/271 1662/32/271 1663/33/270
f 1664/33/270 1663/33/270 1662/32/271
f 1654/30/73 1665/33/73 1653/30/73
f 1663/33/73 1653/30/73 1665/33/73
f 1666/32/73 1663/33/73 1665/33/73
f 1661/32/73 1663/33/73 1666/32/73
f 1659/31/73 1661/32/73 1666/32/73
f 1657/31/73 1661/32/73 1659/31/73
f 1654/30/264 1656/30/264 1665/33/269
f 1667/33/269 1665/33/269 1656/30/264
f 1655/30/40 1664/33/40 1656/30/40
f 1667/33/40 1656/30/40 1664/33/40
f 1662/32/40 1667/33/40 1664/33/40
f 1668/32/40 1667/33/40 1662/32/40
f 1658/31/40 1668/32/40 1662/32/40
f 1660/31/323 1668/32/40 1658/31/40
f 1659/31/266 1666/32/268 1660/31/266
f 1668/32/268 1660/31/266 1666/32/268
f 1669/34/273 1671/34/273 1670/34/272
f 1672/34/272 1670/34/272 1671/34/273
f 1673/35/275 1675/35/274 1674/35/275
f 1676/35/274 1674/35/275 1675/35/274
f 1677/36/277 1678/36/277 1669/34/273
f 1671/34/273 1669/34/273 1678/36/277
f 1670/34/272 1672/34/272 1679/36/276
f 1680/36/276 1679/36/276 1672/34/272
f 1678/36/277 1677/36/277 1681/37/279
f 1682/37/279 1681/37/279 1677/36/277
f 1682/37/279 1673/35/275 1681/37/279
f 1674/35/275 1681/37/279 1673/35/275
f 1673/35/38 1682/37/38 1675/35/38
f 1683/37/38 1675/35/38 1682/37/38
f 1677/36/38 1683/37/38 1682/37/38
f 1679/36/38 1683/37/38 1677/36/38
f 1669/34/38 1679/36/38 1677/36/38
f 1670/34/38 1679/36/38 1669/34/38
f 1676/35/72 1684/37/72 1674/35/72
f 1681/37/72 1674/35/72 1684/37/72
f 1680/36/72 1681/37/72 1684/37/72
f 1678/36/72 1681/37/72 1680/36/72
f 1672/34/72 1678/36/72 1680/36/72
f 1671/34/72 1678/36/72 1672/34/72
f 1675/35/274 1683/37/278 1676/35/274
f 1684/37/278 1676/35/274 1683/37/278
f 1684/37/278 1683/37/278 1680/36/276
f 1679/36/276 1680/36/276 1683/37/278
f 1685/50/78 1687/50/78 1686/50/78
f 1688/50/78 1686/50/78 1687/50/78
f 1689/50/78 1688/50/78 1687/50/78
f 1690/50/78 1688/50/78 1689/50/78
f 1691/50/78 1690/50/78 1689/50/78
f 1692/50/78 1690/50/78 1691/50/78
f 1693/51/10 1695/51/10 1694/51/10
f 1696/51/10 1694/51/10 1695/51/10
f 1697/51/10 1694/51/10 1696/51/10
f 1698/51/10 1697/51/10 1696/51/10
f 1699/51/10 1697/51/10 1698/51/10
f 1700/51/10 1699/51/10 1698/51/10
f 1695/51/324 1693/51/33 1686/50/324
f 1685/50/33 1686/50/324 1693/51/33
f 1688/50/14 1696/51/14 1686/50/325
f 1695/51/325 1686/50/325 1696/51/14
f 1690/50/326 1698/51/326 1688/50/14
f 1696/51/14 1688/50/14 1698/51/326
f 1690/50/327 1692/50/26 1698/51/327
f 1700/51/26 1698/51/327 1692/50/26
f 1692/50/26 1691/50/328 1700/51/26
f 1699/51/328 1700/51/26 1691/50/328
f 1689/50/20 1697/51/20 1691/50/329
f 1699/51/329 1691/50/329 1697/51/20
f 1687/50/330 1694/51/330 1689/50/20
f 1697/51/20 1689/50/20 1694/51/330
f 1693/51/33 1694/51/331 1685/50/33
f 1687/50/331 1685/50/33 1694/51/331
f 1701/51/10 1703/51/10 1702/51/10
f 1704/51/10 1702/51/10 1703/51/10
f 1705/51/10 1702/51/10 1704/51/10
f 1706/51/10 1705/51/10 1704/51/10
f 1707/51/10 1706/51/10 1704/51/10
f 1708/51/10 1706/51/10 1707/51/10
f 1703/51/324 1701/51/332 1709/50/324
f 1710/50/33 1709/50/324 1701/51/33
f 1711/50/14 1704/51/14 1709/50/325
f 1703/51/325 1709/50/325 1704/51/14
f 1712/50/326 1707/51/326 1711/50/14
f 1704/51/14 1711/50/14 1707/51/326
f 1712/50/327 1713/50/26 1707/51/327
f 1708/51/26 1707/51/327 1713/50/26
f 1713/50/26 1714/50/328 1708/51/26
f 1706/51/328 1708/51/333 1714/50/328
f 1715/50/20 1705/51/20 1714/50/329
f 1706/51/329 1714/50/329 1705/51/20
f 1716/50/330 1702/51/330 1715/50/20
f 1705/51/20 1715/50/20 1702/51/330
f 1701/51/33 1702/51/331 1710/50/33
f 1716/50/331 1710/50/33 1702/51/331
f 1717/52/334 1719/53/334 1718/52/335
f 1720/53/335 1718/52/335 1719/53/334
f 1721/53/336 1723/52/336 1722/53/337
f 1724/52/337 1722/53/337 1723/52/336
f 1725/52/338 1726/53/338 1717/52/334
f 1719/53/334 1717/52/334 1726/53/338
f 1727/52/339 1729/53/340 1728/52/341
f 1730/53/341 1728/52/341 1729/53/340
f 1720/53/342 1729/53/343 1718/52/342
f 1727/52/339 1718/52/342 1729/53/340
f 1731/52/344 1732/53/344 1724/52/345
f 1722/53/345 1724/52/345 1732/53/344
f 1728/52/346 1730/53/346 1731/52/344
f 1732/53/344 1731/52/344 1730/53/346
f 1726/53/347 1725/52/347 1721/53/336
f 1723/52/336 1721/53/336 1725/52/347
f 1733/50/78 1735/50/78 1734/50/78
f 1736/50/78 1734/50/78 1735/50/78
f 1737/50/78 1736/50/78 1735/50/78
f 1738/50/78 1736/50/78 1737/50/78
f 1739/50/78 1738/50/78 1737/50/78
f 1740/50/78 1738/50/78 1739/50/78
f 1741/51/10 1743/51/10 1742/51/10
f 1744/51/10 1742/51/10 1743/51/10
f 1745/51/10 1742/51/10 1744/51/10
f 1746/51/10 1745/51/10 1744/51/10
f 1747/51/10 1745/51/10 1746/51/10
f 1748/51/10 1747/51/10 1746/51/10
f 1743/51/326 1741/51/14 1734/50/326
f 1733/50/14 1734/50/326 1741/51/14
f 1736/50/26 1744/51/26 1734/50/327
f 1743/51/327 1734/50/327 1744/51/26
f 1738/50/328 1746/51/328 1736/50/26
f 1744/51/26 1736/50/26 1746/51/328
f 1738/50/329 1740/50/20 1746/51/329
f 1748/51/20 1746/51/329 1740/50/20
f 1740/50/20 1739/50/330 1748/51/20
f 1747/51/330 1748/51/20 1739/50/330
f 1737/50/33 1745/51/33 1739/50/331
f 1747/51/331 1739/50/331 1745/51/33
f 1735/50/324 1742/51/324 1737/50/33
f 1745/51/33 1737/50/33 1742/51/324
f 1741/51/14 1742/51/325 1733/50/14
f 1735/50/325 1733/50/14 1742/51/325
f 1749/51/10 1751/51/10 1750/51/10
f 1752/51/10 1750/51/10 1751/51/10
f 1753/51/10 1750/51/10 1752/51/10
f 1754/51/10 1753/51/10 1752/51/10
f 1755/51/10 1754/51/10 1752/51/10
f 1756/51/10 1754/51/10 1755/51/10
f 1751/51/326 1749/51/348 1757/50/326
f 1758/50/14 1757/50/326 1749/51/14
f 1759/50/26 1752/51/26 1757/50/327
f 1751/51/327 1757/50/327 1752/51/26
f 1760/50/328 1755/51/328 1759/50/26
f 1752/51/26 1759/50/26 1755/51/328
f 1760/50/329 1761/50/20 1755/51/329
f 1756/51/20 1755/51/329 1761/50/20
f 1761/50/20 1762/50/330 1756/51/20
f 1754/51/330 1756/51/349 1762/50/330
f 1763/50/33 1753/51/33 1762/50/331
f 1754/51/331 1762/50/331 1753/51/33
f 1764/50/324 1750/51/324 1763/50/33
f 1753/51/33 1763/50/33 1750/51/324
f 1749/51/14 1750/51/325 1758/50/14
f 1764/50/325 1758/50/14 1750/51/325
f 1765/52/336 1767/53/336 1766/52/347
f 1768/53/347 1766/52/347 1767/53/336
f 1769/53/344 1771/52/344 1770/53/346
f 1772/52/346 1770/53/346 1771/52/344
f 1773/52/337 1774/53/337 1765/52/336
f 1767/53/336 1765/52/336 1774/53/337
f 1775/52/334 1777/53/350 1776/52/335
f 1778/53/335 1776/52/335 1777/53/350
f 1768/53/338 1777/53/351 1766/52/338
f 1775/52/334 1766/52/338 1777/53/350
f 1779/52/339 1780/53/339 1772/52/341
f 1770/53/341 1772/52/341 1780/53/339
f 1776/52/342 1778/53/342 1779/52/339
f 1780/53/339 1779/52/339 1778/53/342
f 1774/53/345 1773/52/345 1769/53/344
f 1771/52/344 1769/53/344 1773/52/345
f 1781/50/78 1783/50/78 1782/50/78
f 1784/50/78 1782/50/78 1783/50/78
f 1785/50/78 1784/50/78 1783/50/78
f 1786/50/78 1784/50/78 1785/50/78
f 1787/50/78 1786/50/78 1785/50/78
f 1788/50/78 1786/50/78 1787/50/78
f 1789/51/10 1791/51/10 1790/51/10
f 1792/51/10 1790/51/10 1791/51/10
f 1793/51/10 1790/51/10 1792/51/10
f 1794/51/10 1793/51/10 1792/51/10
f 1795/51/10 1793/51/10 1794/51/10
f 1796/51/10 1795/51/10 1794/51/10
f 1791/51/328 1789/51/26 1782/50/328
f 1781/50/26 1782/50/328 1789/51/26
f 1784/50/20 1792/51/20 1782/50/329
f 1791/51/329 1782/50/329 1792/51/20
f 1786/50/330 1794/51/330 1784/50/20
f 1792/51/20 1784/50/20 1794/51/330
f 1786/50/331 1788/50/33 1794/51/331
f 1796/51/33 1794/51/331 1788/50/33
f 1788/50/33 1787/50/324 1796/51/33
f 1795/51/324 1796/51/33 1787/50/324
f 1785/50/14 1793/51/14 1787/50/325
f 1795/51/325 1787/50/325 1793/51/14
f 1783/50/326 1790/51/326 1785/50/14
f 1793/51/14 1785/50/14 1790/51/326
f 1789/51/26 1790/51/327 1781/50/26
f 1783/50/327 1781/50/26 1790/51/327
f 1797/51/10 1799/51/10 1798/51/10
f 1800/51/10 1798/51/10 1799/51/10
f 1801/51/10 1798/51/10 1800/51/10
f 1802/51/10 1801/51/10 1800/51/10
f 1803/51/10 1802/51/10 1800/51/10
f 1804/51/10 1802/51/10 1803/51/10
f 1799/51/328 1797/51/333 1805/50/328
f 1806/50/26 1805/50/328 1797/51/26
f 1807/50/20 1800/51/20 1805/50/329
f 1799/51/329 1805/50/329 1800/51/20
f 1808/50/330 1803/51/330 1807/50/20
f 1800/51/20 1807/50/20 1803/51/330
f 1808/50/331 1809/50/33 1803/51/331
f 1804/51/33 1803/51/331 1809/50/33
f 1809/50/33 1810/50/324 1804/51/33
f 1802/51/324 1804/51/332 1810/50/324
f 1811/50/14 1801/51/14 1810/50/325
f 1802/51/325 1810/50/325 1801/51/14
f 1812/50/326 1798/51/326 1811/50/14
f 1801/51/14 1811/50/14 1798/51/326
f 1797/51/26 1798/51/327 1806/50/26
f 1812/50/327 1806/50/26 1798/51/327
f 1813/52/344 1815/53/344 1814/52/345
f 1816/53/345 1814/52/345 1815/53/344
f 1817/53/339 1819/52/339 1818/53/342
f 1820/52/342 1818/53/342 1819/52/339
f 1821/52/346 1822/53/346 1813/52/344
f 1815/53/344 1813/52/344 1822/53/346
f 1823/52/336 1825/53/352 1824/52/347
f 1826/53/347 1824/52/347 1825/53/352
f 1816/53/337 1825/53/353 1814/52/337
f 1823/52/336 1814/52/337 1825/53/352
f 1827/52/334 1828/53/334 1820/52/335
f 1818/53/335 1820/52/335 1828/53/334
f 1824/52/338 1826/53/338 1827/52/334
f 1828/53/334 1827/52/334 1826/53/338
f 1822/53/341 1821/52/341 1817/53/339
f 1819/52/339 1817/53/339 1821/52/341
f 1829/50/78 1831/50/78 1830/50/78
f 1832/50/78 1830/50/78 1831/50/78
f 1833/50/78 1832/50/78 1831/50/78
f 1834/50/78 1832/50/78 1833/50/78
f 1835/50/78 1834/50/78 1833/50/78
f 1836/50/78 1834/50/78 1835/50/78
f 1837/51/10 1839/51/10 1838/51/10
f 1840/51/10 1838/51/10 1839/51/10
f 1841/51/10 1838/51/10 1840/51/10
f 1842/51/10 1841/51/10 1840/51/10
f 1843/51/10 1841/51/10 1842/51/10
f 1844/51/10 1843/51/10 1842/51/10
f 1839/51/330 1837/51/20 1830/50/330
f 1829/50/20 1830/50/330 1837/51/20
f 1832/50/33 1840/51/33 1830/50/331
f 1839/51/331 1830/50/331 1840/51/33
f 1834/50/324 1842/51/324 1832/50/33
f 1840/51/33 1832/50/33 1842/51/324
f 1834/50/325 1836/50/14 1842/51/325
f 1844/51/14 1842/51/325 1836/50/14
f 1836/50/14 1835/50/326 1844/51/14
f 1843/51/326 1844/51/14 1835/50/326
f 1833/50/26 1841/51/26 1835/50/327
f 1843/51/327 1835/50/327 1841/51/26
f 1831/50/328 1838/51/328 1833/50/26
f 1841/51/26 1833/50/26 1838/51/328
f 1837/51/20 1838/51/329 1829/50/20
f 1831/50/329 1829/50/20 1838/51/329
f 1845/51/10 1847/51/10 1846/51/10
f 1848/51/10 1846/51/10 1847/51/10
f 1849/51/10 1846/51/10 1848/51/10
f 1850/51/10 1849/51/10 1848/51/10
f 1851/51/10 1850/51/10 1848/51/10
f 1852/51/10 1850/51/10 1851/51/10
f 1847/51/330 1845/51/349 1853/50/330
f 1854/50/20 1853/50/330 1845/51/20
f 1855/50/33 1848/51/33 1853/50/331
f 1847/51/331 1853/50/331 1848/51/33
f 1856/50/324 1851/51/324 1855/50/33
f 1848/51/33 1855/50/33 1851/51/324
f 1856/50/325 1857/50/14 1851/51/325
f 1852/51/14 1851/51/325 1857/50/14
f 1857/50/14 1858/50/326 1852/51/14
f 1850/51/326 1852/51/348 1858/50/326
f 1859/50/26 1849/51/26 1858/50/327
f 1850/51/327 1858/50/327 1849/51/26
f 1860/50/328 1846/51/328 1859/50/26
f 1849/51/26 1859/50/26 1846/51/328
f 1845/51/20 1846/51/329 1854/50/20
f 1860/50/329 1854/50/20 1846/51/329
f 1861/52/339 1863/53/339 1862/52/341
f 1864/53/341 1862/52/341 1863/53/339
f 1865/53/334 1867/52/334 1866/53/338
f 1868/52/338 1866/53/338 1867/52/334
f 1869/52/342 1870/53/342 1861/52/339
f 1863/53/339 1861/52/339 1870/53/342
f 1871/52/344 1873/53/354 1872/52/345
f 1874/53/345 1872/52/345 1873/53/354
f 1864/53/346 1873/53/355 1862/52/346
f 1871/52/344 1862/52/346 1873/53/354
f 1875/52/336 1876/53/336 1868/52/347
f 1866/53/347 1868/52/347 1876/53/336
f 1872/52/337 1874/53/337 1875/52/336
f 1876/53/336 1875/52/336 1874/53/337
f 1870/53/335 1869/52/335 1865/53/334
f 1867/52/334 1865/53/334 1869/52/335
f 1877/50/17 1879/51/17 1878/50/356
f 1880/51/356 1878/50/356 1879/51/17
f 1881/50/357 1883/51/357 1882/50/36
f 1884/51/36 1882/50/36 1883/51/357
f 1885/50/358 1886/51/358 1877/50/17
f 1879/51/17 1877/50/17 1886/51/358
f 1887/51/30 1886/51/317 1888/50/30
f 1885/50/317 1888/50/30 1886/51/317
f 1887/51/10 1889/51/10 1886/51/10
f 1884/51/10 1886/51/10 1889/51/10
f 1879/51/10 1886/51/10 1884/51/10
f 1883/51/10 1879/51/10 1884/51/10
f 1880/51/10 1879/51/10 1883/51/10
f 1890/51/10 1880/51/10 1883/51/10
f 1881/50/288 1891/50/11 1883/51/288
f 1890/51/11 1883/51/288 1891/50/11
f 1891/50/11 1878/50/314 1890/51/11
f 1880/51/314 1890/51/359 1878/50/314
f 1889/51/285 1887/51/360 1892/50/285
f 1888/50/30 1892/50/285 1887/51/30
f 1882/50/36 1884/51/36 1892/50/361
f 1889/51/361 1892/50/361 1884/51/36
f 1893/51/285 1895/51/30 1894/50/285
f 1896/50/30 1894/50/285 1895/51/30
f 1897/50/17 1899/51/17 1898/50/356
f 1900/51/356 1898/50/356 1899/51/17
f 1901/50/358 1902/51/358 1897/50/17
f 1899/51/17 1897/50/17 1902/51/358
f 1903/50/36 1904/51/36 1894/50/361
f 1893/51/361 1894/50/361 1904/51/36
f 1905/50/357 1906/51/357 1903/50/36
f 1904/51/36 1903/50/36 1906/51/357
f 1905/50/288 1907/50/11 1906/51/288
f 1908/51/11 1906/51/288 1907/50/11
f 1907/50/11 1898/50/314 1908/51/11
f 1900/51/314 1908/51/11 1898/50/314
f 1895/51/10 1893/51/10 1902/51/10
f 1899/51/10 1902/51/10 1893/51/10
f 1904/51/10 1899/51/10 1893/51/10
f 1900/51/10 1899/51/10 1904/51/10
f 1906/51/10 1900/51/10 1904/51/10
f 1908/51/10 1900/51/10 1906/51/10
f 1896/50/78 1901/50/78 1894/50/78
f 1897/50/78 1894/50/78 1901/50/78
f 1903/50/78 1894/50/78 1897/50/78
f 1898/50/78 1903/50/78 1897/50/78
f 1905/50/78 1903/50/78 1898/50/78
f 1907/50/78 1905/50/78 1898/50/78
f 1895/51/30 1902/51/317 1896/50/30
f 1901/50/317 1896/50/30 1902/51/317
f 1909/53/362 1911/52/362 1910/53/363
f 1912/52/363 1910/53/363 1911/52/362
f 1913/53/364 1914/52/364 1909/53/362
f 1911/52/362 1909/53/362 1914/52/364
f 1915/52/365 1917/53/365 1916/52/366
f 1918/53/366 1916/52/366 1917/53/365
f 1919/52/367 1921/53/367 1920/52/368
f 1922/53/368 1920/52/368 1921/53/367
f 1918/53/369 1923/53/370 1916/52/369
f 1924/52/370 1916/52/369 1923/53/371
f 1923/53/371 1921/53/372 1924/52/370
f 1919/52/372 1924/52/373 1921/53/372
f 1914/52/374 1913/53/374 1915/52/365
f 1917/53/365 1915/52/365 1913/53/374
f 1920/52/368 1922/53/368 1912/52/375
f 1910/53/375 1912/52/375 1922/53/368
f 1925/50/17 1927/51/17 1926/50/356
f 1928/51/356 1926/50/356 1927/51/17
f 1929/50/357 1931/51/357 1930/50/36
f 1932/51/36 1930/50/36 1931/51/357
f 1933/50/358 1934/51/358 1925/50/17
f 1927/51/17 1925/50/17 1934/51/358
f 1935/51/30 1934/51/317 1936/50/30
f 1933/50/317 1936/50/30 1934/51/317
f 1935/51/10 1937/51/10 1934/51/10
f 1932/51/10 1934/51/10 1937/51/10
f 1927/51/10 1934/51/10 1932/51/10
f 1931/51/10 1927/51/10 1932/51/10
f 1928/51/10 1927/51/10 1931/51/10
f 1938/51/10 1928/51/10 1931/51/10
f 1929/50/288 1939/50/11 1931/51/288
f 1938/51/11 1931/51/288 1939/50/11
f 1939/50/11 1926/50/314 1938/51/11
f 1928/51/314 1938/51/359 1926/50/314
f 1937/51/285 1935/51/360 1940/50/285
f 1936/50/30 1940/50/285 1935/51/30
f 1930/50/36 1932/51/36 1940/50/361
f 1937/51/361 1940/50/361 1932/51/36
f 1941/51/285 1943/51/30 1942/50/285
f 1944/50/30 1942/50/285 1943/51/30
f 1945/50/17 1947/51/17 1946/50/356
f 1948/51/356 1946/50/356 1947/51/17
f 1949/50/358 1950/51/358 1945/50/17
f 1947/51/17 1945/50/17 1950/51/358
f 1951/50/36 1952/51/36 1942/50/361
f 1941/51/361 1942/50/361 1952/51/36
f 1953/50/357 1954/51/357 1951/50/36
f 1952/51/36 1951/50/36 1954/51/357
f 1953/50/288 1955/50/11 1954/51/288
f 1956/51/11 1954/51/288 1955/50/11
f 1955/50/11 1946/50/314 1956/51/11
f 1948/51/314 1956/51/11 1946/50/314
f 1943/51/10 1941/51/10 1950/51/10
f 1947/51/10 1950/51/10 1941/51/10
f 1952/51/10 1947/51/10 1941/51/10
f 1948/51/10 1947/51/10 1952/51/10
f 1954/51/10 1948/51/10 1952/51/10
f 1956/51/10 1948/51/10 1954/51/10
f 1944/50/78 1949/50/78 1942/50/78
f 1945/50/78 1942/50/78 1949/50/78
f 1951/50/78 1942/50/78 1945/50/78
f 1946/50/78 1951/50/78 1945/50/78
f 1953/50/78 1951/50/78 1946/50/78
f 1955/50/78 1953/50/78 1946/50/78
f 1943/51/30 1950/51/317 1944/50/30
f 1949/50/317 1944/50/30 1950/51/317
f 1957/53/362 1959/52/362 1958/53/363
f 1960/52/363 1958/53/363 1959/52/362
f 1961/53/364 1962/52/364 1957/53/362
f 1959/52/362 1957/53/362 1962/52/364
f 1963/52/365 1965/53/365 1964/52/366
f 1966/53/366 1964/52/366 1965/53/365
f 1967/52/367 1969/53/367 1968/52/368
f 1970/53/368 1968/52/368 1969/53/367
f 1966/53/369 1971/53/370 1964/52/369
f 1972/52/376 1964/52/369 1971/53/371
f 1971/53/371 1969/53/372 1972/52/376
f 1967/52/372 1972/52/373 1969/53/372
f 1962/52/374 1961/53/374 1963/52/365
f 1965/53/365 1963/52/365 1961/53/374
f 1968/52/368 1970/53/368 1960/52/375
f 1958/53/375 1960/52/375 1970/53/368
f 1973/50/36 1975/51/36 1974/50/361
f 1976/51/361 1974/50/361 1975/51/36
f 1977/50/358 1979/51/358 1978/50/17
f 1980/51/17 1978/50/17 1979/51/358
f 1981/50/357 1982/51/357 1973/50/36
f 1975/51/36 1973/50/36 1982/51/357
f 1983/51/11 1982/51/288 1984/50/11
f 1981/50/288 1984/50/11 1982/51/288
f 1983/51/10 1985/51/10 1982/51/10
f 1980/51/10 1982/51/10 1985/51/10
f 1975/51/10 1982/51/10 1980/51/10
f 1979/51/10 1975/51/10 1980/51/10
f 1976/51/10 1975/51/10 1979/51/10
f 1986/51/10 1976/51/10 1979/51/10
f 1977/50/317 1987/50/30 1979/51/317
f 1986/51/30 1979/51/317 1987/50/30
f 1987/50/30 1974/50/285 1986/51/30
f 1976/51/285 1986/51/360 1974/50/285
f 1985/51/314 1983/51/359 1988/50/314
f 1984/50/11 1988/50/314 1983/51/11
f 1978/50/17 1980/51/17 1988/50/356
f 1985/51/356 1988/50/356 1980/51/17
f 1989/51/314 1991/51/11 1990/50/314
f 1992/50/11 1990/50/314 1991/51/11
f 1993/50/36 1995/51/36 1994/50/361
f 1996/51/361 1994/50/361 1995/51/36
f 1997/50/357 1998/51/357 1993/50/36
f 1995/51/36 1993/50/36 1998/51/357
f 1999/50/17 2000/51/17 1990/50/356
f 1989/51/356 1990/50/356 2000/51/17
f 2001/50/358 2002/51/358 1999/50/17
f 2000/51/17 1999/50/17 2002/51/358
f 2001/50/317 2003/50/30 2002/51/317
f 2004/51/30 2002/51/317 2003/50/30
f 2003/50/30 1994/50/285 2004/51/30
f 1996/51/285 2004/51/30 1994/50/285
f 1991/51/10 1989/51/10 1998/51/10
f 1995/51/10 1998/51/10 1989/51/10
f 2000/51/10 1995/51/10 1989/51/10
f 1996/51/10 1995/51/10 2000/51/10
f 2002/51/10 1996/51/10 2000/51/10
f 2004/51/10 1996/51/10 2002/51/10
f 1992/50/78 1997/50/78 1990/50/78
f 1993/50/78 1990/50/78 1997/50/78
f 1999/50/78 1990/50/78 1993/50/78
f 1994/50/78 1999/50/78 1993/50/78
f 2001/50/78 1999/50/78 1994/50/78
f 2003/50/78 2001/50/78 1994/50/78
f 1991/51/11 1998/51/288 1992/50/11
f 1997/50/288 1992/50/11 1998/51/288
f 2005/53/377 2007/52/377 2006/53/369
f 2008/52/369 2006/53/369 2007/52/377
f 2009/53/372 2010/52/372 2005/53/377
f 2007/52/377 2005/53/377 2010/52/372
f 2011/52/368 2013/53/368 2012/52/375
f 2014/53/375 2012/52/375 2013/53/368
f 2015/52/374 2017/53/374 2016/52/365
f 2018/53/365 2016/52/365 2017/53/374
f 2014/53/363 2019/53/378 2012/52/363
f 2020/52/378 2012/52/363 2019/53/379
f 2019/53/379 2017/53/364 2020/52/378
f 2015/52/364 2020/52/380 2017/53/364
f 2010/52/367 2009/53/367 2011/52/368
f 2013/53/368 2011/52/368 2009/53/367
f 2016/52/365 2018/53/365 2008/52/366
f 2006/53/366 2008/52/366 2018/53/365
f 2021/50/36 2023/51/36 2022/50/361
f 2024/51/361 2022/50/361 2023/51/36
f 2025/50/358 2027/51/358 2026/50/17
f 2028/51/17 2026/50/17 2027/51/358
f 2029/50/357 2030/51/357 2021/50/36
f 2023/51/36 2021/50/36 2030/51/357
f 2031/51/11 2030/51/288 2032/50/11
f 2029/50/288 2032/50/11 2030/51/288
f 2031/51/10 2033/51/10 2030/51/10
f 2028/51/10 2030/51/10 2033/51/10
f 2023/51/10 2030/51/10 2028/51/10
f 2027/51/10 2023/51/10 2028/51/10
f 2024/51/10 2023/51/10 2027/51/10
f 2034/51/10 2024/51/10 2027/51/10
f 2025/50/317 2035/50/30 2027/51/317
f 2034/51/30 2027/51/317 2035/50/30
f 2035/50/30 2022/50/285 2034/51/30
f 2024/51/285 2034/51/360 2022/50/285
f 2033/51/314 2031/51/359 2036/50/314
f 2032/50/11 2036/50/314 2031/51/11
f 2026/50/17 2028/51/17 2036/50/356
f 2033/51/356 2036/50/356 2028/51/17
f 2037/51/314 2039/51/11 2038/50/314
f 2040/50/11 2038/50/314 2039/51/11
f 2041/50/36 2043/51/36 2042/50/361
f 2044/51/361 2042/50/361 2043/51/36
f 2045/50/357 2046/51/357 2041/50/36
f 2043/51/36 2041/50/36 2046/51/357
f 2047/50/17 2048/51/17 2038/50/356
f 2037/51/356 2038/50/356 2048/51/17
f 2049/50/358 2050/51/358 2047/50/17
f 2048/51/17 2047/50/17 2050/51/358
f 2049/50/317 2051/50/30 2050/51/317
f 2052/51/30 2050/51/317 2051/50/30
f 2051/50/30 2042/50/285 2052/51/30
f 2044/51/285 2052/51/30 2042/50/285
f 2039/51/10 2037/51/10 2046/51/10
f 2043/51/10 2046/51/10 2037/51/10
f 2048/51/10 2043/51/10 2037/51/10
f 2044/51/10 2043/51/10 2048/51/10
f 2050/51/10 2044/51/10 2048/51/10
f 2052/51/10 2044/51/10 2050/51/10
f 2040/50/78 2045/50/78 2038/50/78
f 2041/50/78 2038/50/78 2045/50/78
f 2047/50/78 2038/50/78 2041/50/78
f 2042/50/78 2047/50/78 2041/50/78
f 2049/50/78 2047/50/78 2042/50/78
f 2051/50/78 2049/50/78 2042/50/78
f 2039/51/11 2046/51/288 2040/50/11
f 2045/50/288 2040/50/11 2046/51/288
f 2053/53/377 2055/52/377 2054/53/369
f 2056/52/369 2054/53/369 2055/52/377
f 2057/53/372 2058/52/372 2053/53/377
f 2055/52/377 2053/53/377 2058/52/372
f 2059/52/368 2061/53/368 2060/52/375
f 2062/53/375 2060/52/375 2061/53/368
f 2063/52/374 2065/53/374 2064/52/365
f 2066/53/365 2064/52/365 2065/53/374
f 2062/53/363 2067/53/378 2060/52/363
f 2068/52/381 2060/52/363 2067/53/379
f 2067/53/379 2065/53/364 2068/52/381
f 2063/52/364 2068/52/380 2065/53/364
f 2058/52/367 2057/53/367 2059/52/368
f 2061/53/368 2059/52/368 2057/53/367
f 2064/52/365 2066/53/365 2056/52/366
f 2054/53/366 2056/52/366 2066/53/365
